user,tx_type,protocol,signature,timestamp,from_token,from_amount,to_token,to_amount
9HCTuTPEiQvkUtLmTZvK6uch4E3pDynwJTbNw6jLhp9z,SWAP,RAYDIUM,2jvqekhZKzKrLsuPpRZywobjJPL9tew2D8Ervw5VypggZmxZUWsQumrz7zYbVkeGWarnvBdfhTbk5EYYTSrRRFuo,2025-04-10 07:18:50,So11111111111111111111111111111111111111112,5.0,5qsZAnWuR7vMJbiznrJEY2ddVqZXjNYmFvR3eXSxpump,9843945.452101
9HCTuTPEiQvkUtLmTZvK6uch4E3pDynwJTbNw6jLhp9z,SWAP,RAYDIUM,nMqLwSDt9xyeJji8yZDRksqdMAfDKuwpHfBwT2EszouWkhYzEM1N9PfsWLhhJdqVc1o46mJscVDw8kz3Xqi8q1Z,2025-04-10 07:22:41,So11111111111111111111111111111111111111112,20.0,8i51XNNpGaKaj4G4nDdmQh95v4FKAxw8mhtaRoKd9tE8,2135128.607565
FLiPGqowc82LLR173hKiFYBq2fCxLZEST5iHbHwj8xKb,TRANSFER,SYSTEM_PROGRAM,3HTMMMP6Fgut3nmQbF1x629nN8Ue7XAUNbREFP1yayRNxACuqhDvYeHuNKaCicPrzHk2hQgw5EHaMcchSvY3MPoa,2025-04-10 07:22:53,So11111111111111111111111111111111111111112,1e-09,So11111111111111111111111111111111111111112,1e-09
FLiPgGTXtBtEJoytikaywvWgbz5a56DdHKZU72HSYMFF,TRANSFER,SYSTEM_PROGRAM,4bqW7XciGwmEUguRHLhWXFRmoXsjbYnZZ7g4xB87DqSUJ26g2mjBeaV9NtHRkX5n5zBsS5osfN21Sa955qr3dDNz,2025-04-10 07:22:53,So11111111111111111111111111111111111111112,1e-09,So11111111111111111111111111111111111111112,1e-09
9HCTuTPEiQvkUtLmTZvK6uch4E3pDynwJTbNw6jLhp9z,SWAP,METEORA,5nxmVZsDVnC1hJxXfDgCm1tDCB9riSi4cAuEcNn1QSQ1YFtWJ2qiaZgdbXkJTJgfmd1ae3VtqZQ7Y8JLXJvZgikH,2025-04-10 08:29:33,UNKNOWN,0.0,UNKNOWN,0.0
FLiPgGTXtBtEJoytikaywvWgbz5a56DdHKZU72HSYMFF,TRANSFER,SYSTEM_PROGRAM,4ELZqsihJocUuUJXdcjnakv9SQ9H2mSKPpqB4jvi5qW7ij4WRNBBiUtuBh6frKHt1XoyDaBYd4DJqcqvsb8TGug3,2025-04-10 08:29:35,So11111111111111111111111111111111111111112,1e-09,So11111111111111111111111111111111111111112,1e-09
FLiPGqowc82LLR173hKiFYBq2fCxLZEST5iHbHwj8xKb,TRANSFER,SYSTEM_PROGRAM,hhNhvVPRfyY4uactKHi4HJN42tBzNUdZ1x4gXFHE6HkXVWVtEoJekDm1fhi1otsyVXgPFqLMz74zzRSDjk6vmXJ,2025-04-10 08:29:35,So11111111111111111111111111111111111111112,1e-09,So11111111111111111111111111111111111111112,1e-09
FLiPGqowc82LLR173hKiFYBq2fCxLZEST5iHbHwj8xKb,TRANSFER,SYSTEM_PROGRAM,NN37kD9yNpA8Zic6K7c7kNkEHqeyrqSeepJQFqJBjNGsirEgzqnRdpGbGaFED8xmDispXCAvntBTekLyXoK1JKt,2025-04-10 08:29:35,So11111111111111111111111111111111111111112,1e-09,So11111111111111111111111111111111111111112,1e-09
9HCTuTPEiQvkUtLmTZvK6uch4E3pDynwJTbNw6jLhp9z,TRANSFER,SYSTEM_PROGRAM,HKwm3m4NLfLWn333DdLUmF6SAHtvkEYqK4pVMNh6N7X36J3zJo4BqRK4b4aLZj2yxJYwTVKz8BfDZeNdEWY3nmS,2025-04-10 08:37:48,So11111111111111111111111111111111111111112,0.335519905,So11111111111111111111111111111111111111112,0.335519905
9HCTuTPEiQvkUtLmTZvK6uch4E3pDynwJTbNw6jLhp9z,SWAP,METEORA,uxgXsrA6oGE6mGhdni7rKYYYAfgiZcDeXuBE12zNLJhCRBC2Y9SBu5tcg3XWMhtzNo384bBHh8RsmeNsELP1CzE,2025-04-10 09:17:41,UNKNOWN,0.0,UNKNOWN,0.0
9HCTuTPEiQvkUtLmTZvK6uch4E3pDynwJTbNw6jLhp9z,TRANSFER,SYSTEM_PROGRAM,3rph8LdMgyx8jtCoaudoqVYCX11ULJzmD8Nqrw7tDL4uqF8DbXtivP2mxGN7LGYPZ73GuYtDAMxtF7aFDEHe8594,2025-04-10 09:32:53,So11111111111111111111111111111111111111112,0.241043619,So11111111111111111111111111111111111111112,0.241043619
FLiPgGTXtBtEJoytikaywvWgbz5a56DdHKZU72HSYMFF,TRANSFER,SYSTEM_PROGRAM,48iAW1hEhGuSRzPQv3f2oWYFRJwqms1SRVQugfCyUaBTKkKEUnN5PE9U3WmH6kxwNryipVUerQmj9pHN6xMqe41G,2025-04-10 09:33:05,So11111111111111111111111111111111111111112,1e-09,So11111111111111111111111111111111111111112,1e-09
FLiPGqowc82LLR173hKiFYBq2fCxLZEST5iHbHwj8xKb,TRANSFER,SYSTEM_PROGRAM,3Xxi7AYiZBGzkRoJ3KyDFhjppV5U8jiojemn3ZbA4wtRyhdHhzt2vs45g9v19hGAB5RsQtxREQ5DoH3EGLAJuUvg,2025-04-10 09:33:14,So11111111111111111111111111111111111111112,1e-09,So11111111111111111111111111111111111111112,1e-09
FLiPgGTXtBtEJoytikaywvWgbz5a56DdHKZU72HSYMFF,TRANSFER,SYSTEM_PROGRAM,5PTrra2X6hP1HFsyRYEBZzSZasUGLg8Db4bpdwpMYFZv11vrA3ftxEwPLEAZZpMEvUts8AhALPMz525cXpTg3rLK,2025-04-10 09:33:14,So11111111111111111111111111111111111111112,1e-09,So11111111111111111111111111111111111111112,1e-09
9HCTuTPEiQvkUtLmTZvK6uch4E3pDynwJTbNw6jLhp9z,TRANSFER,SYSTEM_PROGRAM,2ewsxsHBbd9UjgGBnSmJ6ybMpLBSCVAyyKgZz4VqbHRg79gfJbCtnEXko5MQZeXY4RpJ8R4yKx4u86dv1Y6Ra5Nr,2025-04-10 09:50:31,So11111111111111111111111111111111111111112,0.341091305,So11111111111111111111111111111111111111112,0.341091305
9HCTuTPEiQvkUtLmTZvK6uch4E3pDynwJTbNw6jLhp9z,SWAP,METEORA,nrbgWeyd69jE2psg8KD2XUbmHU6yQAfiaQr8joTvvE2VCC8w5RUCotcXwBdg2c43wsWfMyHe3EnZ2xTnMvGbTx5,2025-04-10 09:56:16,UNKNOWN,0.0,UNKNOWN,0.0
7g275uQ9JuvTa7EC3TERyAsQUGwid9eDYK2JgpSLrmjK,TRANSFER,SOLANA_PROGRAM_LIBRARY,4md1ELwT2DGQnBQ5mTPihLsJxToNYDW4UF7v4k2bzXjiMjfYQnD2vUrj71Ub1hf9MVo1dY4aM7AXPbuH3cCRF3VU,2025-04-10 10:35:25,So11111111111111111111111111111111111111112,1e-09,So11111111111111111111111111111111111111112,1e-09
FLiPgGTXtBtEJoytikaywvWgbz5a56DdHKZU72HSYMFF,TRANSFER,SYSTEM_PROGRAM,5jWCy11xSkYrY74aPmDMjPD2JVEpRnpiELj8pYyhTyGpbPLxbek9fLJvsqUDw8o3LbKzGMjdosr4ZZc2VZ2U6RVq,2025-04-10 10:41:36,So11111111111111111111111111111111111111112,1e-09,So11111111111111111111111111111111111111112,1e-09
FLiPGqowc82LLR173hKiFYBq2fCxLZEST5iHbHwj8xKb,TRANSFER,SYSTEM_PROGRAM,5Mv5MfnB1PLJctNn5SKxo22MK7WAJeUaKUxRtutX8eJE6pmM879vHsLczbk8v5Hek3Mk9oonYbNKCKjiP6cb6L6n,2025-04-10 10:41:36,So11111111111111111111111111111111111111112,1e-09,So11111111111111111111111111111111111111112,1e-09
5Hr7wZg7oBpVhH5nngRqzr5W7ZFUfCsfEhbziZJak7fr,TRANSFER,SYSTEM_PROGRAM,4a7ZD9BsvPY2VtQeYruraVqe4FNtuNsW9XzZSWpMhQ7dS5wKdC4entzoDcnp3TgVu52nvEnowsd53szasY8SdgPz,2025-04-10 12:10:24,So11111111111111111111111111111111111111112,1e-09,So11111111111111111111111111111111111111112,1e-09
FLiPGqowc82LLR173hKiFYBq2fCxLZEST5iHbHwj8xKb,TRANSFER,SYSTEM_PROGRAM,2Qp5NTy2JY8MaBBqVSnqCER92XHq7AzxLUsCmk9yPSafcook8wEPZYn2mpiSh91hELDN14LnmbMc1cy8odeKZCdK,2025-04-10 12:14:31,So11111111111111111111111111111111111111112,1e-09,So11111111111111111111111111111111111111112,1e-09
FLiPgGTXtBtEJoytikaywvWgbz5a56DdHKZU72HSYMFF,TRANSFER,SYSTEM_PROGRAM,LJuDHzwDP3GeNNAUBwQg1e6uA4uqDo8M36bi1Zgf4YXzLwjoR5ukAzFDJswBHjNP95js8tDxsoUM8bGjXmKTxcm,2025-04-10 12:14:31,So11111111111111111111111111111111111111112,1e-09,So11111111111111111111111111111111111111112,1e-09
FLiPGqowc82LLR173hKiFYBq2fCxLZEST5iHbHwj8xKb,TRANSFER,SYSTEM_PROGRAM,U8mMaKkqSf7XMsT3cGrBZq3CU4YP8hjhFebdGAGM9XhhN7ee4PqzfH434pDZWZdhfW92fcNETyPnivHHRkU1cRY,2025-04-10 16:08:20,So11111111111111111111111111111111111111112,1e-09,So11111111111111111111111111111111111111112,1e-09
FLiPgGTXtBtEJoytikaywvWgbz5a56DdHKZU72HSYMFF,TRANSFER,SYSTEM_PROGRAM,qMWek5PHG4s3sudY7ZuJkDxQ4tWoJwhsG3q7wvuFnohqM1d9Be44k4bhnc14rEEy7VyJJH31K87tMdWd6d7ppXh,2025-04-10 16:08:20,So11111111111111111111111111111111111111112,1e-09,So11111111111111111111111111111111111111112,1e-09
9HCTuTPEiQvkUtLmTZvK6uch4E3pDynwJTbNw6jLhp9z,SWAP,METEORA,4UMLFmao733PQT7mLtJtbUsBgXmzSTv2mZRt4Aufk6KMbEtRFpfKLgQsEeDrBbAS7sjnCmtzdwrFS7pBSzNMaFWs,2025-04-10 17:53:26,UNKNOWN,0.0,UNKNOWN,0.0
FLiPGqowc82LLR173hKiFYBq2fCxLZEST5iHbHwj8xKb,TRANSFER,SYSTEM_PROGRAM,21vPiKSQjz5CYb3RS16SzjbtuHpmtWKaZFxb6Lxh361qHbzrk5hcv5AqwWKmVAZh8qEcTv1F2fvfLx1JCjNcjGqp,2025-04-10 17:53:38,So11111111111111111111111111111111111111112,1e-09,So11111111111111111111111111111111111111112,1e-09
FLiPgGTXtBtEJoytikaywvWgbz5a56DdHKZU72HSYMFF,TRANSFER,SYSTEM_PROGRAM,28EvszVp6TFRFeWG1s7iE6hg5py7K1kGGJLwNThQPkdtBF62QJZT48daMjDvCUnLHHXUGTDMdmf4owRaqXEPyePJ,2025-04-10 17:53:39,So11111111111111111111111111111111111111112,1e-09,So11111111111111111111111111111111111111112,1e-09
FLiPGqowc82LLR173hKiFYBq2fCxLZEST5iHbHwj8xKb,TRANSFER,SYSTEM_PROGRAM,5bbCcEoo2Bxo7U5Fpp4vLSfUUxfiVBXfTMXU9XTt1Xi53wK3dZbcCcauNSjHQD86EWfLFJ87BrQH6CZBn6oXq2qW,2025-04-10 17:53:45,So11111111111111111111111111111111111111112,1e-09,So11111111111111111111111111111111111111112,1e-09
FLiPgGTXtBtEJoytikaywvWgbz5a56DdHKZU72HSYMFF,TRANSFER,SYSTEM_PROGRAM,2J7VnqXSBo6GhZztiAFy6bqYmFuqrhKRMUCHu3vtdJq4AZHQ936MKkEfqPgKq3rmbzx5MLxxqfPnjtwTH6uTfky1,2025-04-10 17:53:45,So11111111111111111111111111111111111111112,1e-09,So11111111111111111111111111111111111111112,1e-09
9HCTuTPEiQvkUtLmTZvK6uch4E3pDynwJTbNw6jLhp9z,SWAP,METEORA,5JhZ4W8pGQPQ826bSxDfEvcRM3feftQMXyYfhhUbaonVaqXKGMCkEH6yAkm1FMzZv5HrM1WZr97kQzCo11dXfBKw,2025-04-10 18:29:35,UNKNOWN,0.0,UNKNOWN,0.0
Ai56PJcKZEp2ufPFbgQmxo7aKP18V21PpBhMzbFjUpVj,TRANSFER,SOLANA_PROGRAM_LIBRARY,5Qxh1i4k49X2APFArzjaZ4ujkuBpt8LY35oyQ8gPazh24CGpwn7ggLZyaWtjCyBGJGanZ5sxXFwjvQwaGD2QFLxX,2025-04-10 20:47:56,So11111111111111111111111111111111111111112,0.00203928,So11111111111111111111111111111111111111112,0.00203928
5Hr7wZg7oBpVhH5nngRqzr5W7ZFUfCsfEhbziZJak7fr,TRANSFER,SYSTEM_PROGRAM,4sVXcsegbtcbccMvxrXU2i5srnh7u1eEmUD4as8f5cQAoyamviBSCDTGs3tT8y6t5HJ4gQLw7k97NH2oRPor85cT,2025-04-11 00:05:12,So11111111111111111111111111111111111111112,1e-09,So11111111111111111111111111111111111111112,1e-09
9KxQy6StbkJhubAbfvfriUK6LYYJ5cSkBoS3ZhcbdUx2,TRANSFER,SYSTEM_PROGRAM,3oGcji94GYuY4gPErDvzGbRA74k62tJU7PNa15vZoZbkrJAU5QrfLxkSsjVD15FC44Vq5Xo3ESnWGAk2Ya1CAGEW,2025-04-11 00:53:44,So11111111111111111111111111111111111111112,1e-09,So11111111111111111111111111111111111111112,1e-09
9HCTuTPEiQvkUtLmTZvK6uch4E3pDynwJTbNw6jLhp9z,TRANSFER,SYSTEM_PROGRAM,2TKuprxQ3ZGJKSwQ6m1C2qpZptJKx66vz47vJ5g454AaZVaabJuqrjQa1735eUMxVWqw5Vy5D2iizMtNQn13Fkuk,2025-04-11 06:25:08,So11111111111111111111111111111111111111112,10.0,So11111111111111111111111111111111111111112,10.0
FLiPGqowc82LLR173hKiFYBq2fCxLZEST5iHbHwj8xKb,TRANSFER,SYSTEM_PROGRAM,36ywZLZ5MYnJqYhAqVEnTWarG4RMPUptmMdPjhUaoNTqFM3urpxhwn5EL5kSUxe6kKfSxFLtQjiLWeAepAtEZBrS,2025-04-11 06:25:14,So11111111111111111111111111111111111111112,1e-09,So11111111111111111111111111111111111111112,1e-09
FLiPgGTXtBtEJoytikaywvWgbz5a56DdHKZU72HSYMFF,TRANSFER,SYSTEM_PROGRAM,5eww7PmqRU17u8jf72UCBx64Tx1RSyMaEaNzVfWNivMTHNBLdd1xzhjH1RW5ZdRCkzZFVDUysYin84DEgHXKuDXL,2025-04-11 06:25:14,So11111111111111111111111111111111111111112,1e-09,So11111111111111111111111111111111111111112,1e-09
3U6GsNZM2uuUy4CHqizW3HC2zQZRkyQxiou8uX7PjMak,TRANSFER,SYSTEM_PROGRAM,5RMgii1Phch6whcpULjj6Vsj8AdM2gHdpRVrCDHgiYjATjU5vr9EhTADFKif5QZAnXbt1TiDNc6D5tydvMjUgnvi,2025-04-11 06:25:40,So11111111111111111111111111111111111111112,2e-09,So11111111111111111111111111111111111111112,2e-09
3U6GsNZM2uuUy4CHqizW3HC2zQZRkyQxiou8uX7PjMak,TRANSFER,SYSTEM_PROGRAM,5mynaxPi4q84SZw5ThyxEkPogfUhFBkPDgYSYN34hK1Ast1FURqkLexqCTM9Znh38Gak7RupgYQnxaCPYAJWxp3j,2025-04-11 06:25:40,So11111111111111111111111111111111111111112,1e-09,So11111111111111111111111111111111111111112,1e-09
3U6GsNZM2uuUy4CHqizW3HC2zQZRkyQxiou8uX7PjMak,TRANSFER,SYSTEM_PROGRAM,2Dqo7SAjh9c2rzjR4ed8TzsBzJRQ33UDRzhAwmNxbZGE8byUC98ZPWxURk9yRw42bWZccpbmYCBQWJaZqGi7kxpj,2025-04-11 06:25:40,So11111111111111111111111111111111111111112,4e-09,So11111111111111111111111111111111111111112,4e-09
3U6GsNZM2uuUy4CHqizW3HC2zQZRkyQxiou8uX7PjMak,TRANSFER,SYSTEM_PROGRAM,C4XFER8erQfsZjMp5ua8BJq2vW8grqe8Mv2uy3FrNKTZ2vyMB1wnsJ7TNWQc3Uxm2ZNQNYfqkVCZ62oLQVQJiBg,2025-04-11 06:25:40,So11111111111111111111111111111111111111112,3e-09,So11111111111111111111111111111111111111112,3e-09
5ugh3Wsrq1Z7wto64xVCzANxbuk6f9H6JKwCL62NA7Ay,TRANSFER,SYSTEM_PROGRAM,3tYgVocr1RfdZG3xR2uJ51ayNxoaZAx8KceUU55ip5o6jCr8JTq1BPuC4hZJiT6FcNUK3ig8PLj1MxwAGBV1WHN1,2025-04-11 06:25:40,So11111111111111111111111111111111111111112,1e-05,So11111111111111111111111111111111111111112,1e-05
3DPg8YPtBiq5Gnj9pz79UfQQZ8PDwzYbNR4oBDuACHKz,TRANSFER,SYSTEM_PROGRAM,3ShtxweuQ73RHL5MjftUhmuFuJ2mLk1TRobcNJWuJsTJsFowADVKAKFc493PrBnfYUZcj8v9rDeuLRY8cYXSGjdB,2025-04-11 06:25:54,So11111111111111111111111111111111111111112,1e-05,So11111111111111111111111111111111111111112,1e-05
3U6GsNZM2uuUy4CHqizW3HC2zQZRkyQxiou8uX7PjMak,TRANSFER,SYSTEM_PROGRAM,4vhvo24AqpuEP98cwPDe9FVKU22rK55Tv7q5AGReE4S9fVjkYArCb4SF8Udpou5wKszRPbebdVJ5oEPJ9ggniAVS,2025-04-11 06:26:12,So11111111111111111111111111111111111111112,2e-09,So11111111111111111111111111111111111111112,2e-09
3U6GsNZM2uuUy4CHqizW3HC2zQZRkyQxiou8uX7PjMak,TRANSFER,SYSTEM_PROGRAM,3jW252mRqypd7u8LX48mJwgYaBGWmKmG86TACg1bEzHArjzTC6u5pPjZhTzM5QcGNgWbtPW3ruyYhZqCrmLcHps2,2025-04-11 06:26:12,So11111111111111111111111111111111111111112,4e-09,So11111111111111111111111111111111111111112,4e-09
3U6GsNZM2uuUy4CHqizW3HC2zQZRkyQxiou8uX7PjMak,TRANSFER,SYSTEM_PROGRAM,3JBQjKyS41c4bn5Gs77H9Cgh7GXkzWYRmEUuJG1MpLCfJPEUV2dA7zb2aMNWTKEq4BM5n4VcVVXJGd1qCMe6ePFB,2025-04-11 06:26:12,So11111111111111111111111111111111111111112,3e-09,So11111111111111111111111111111111111111112,3e-09
3U6GsNZM2uuUy4CHqizW3HC2zQZRkyQxiou8uX7PjMak,TRANSFER,SYSTEM_PROGRAM,647LMNZVUuJpgTbBYvNJtxoEXGFhWUBii2J41UZKHxrP1eCaWa3UZMpa1XTHwXhNssX1mVXZAvP1GLJBiSrPoZMC,2025-04-11 06:26:12,So11111111111111111111111111111111111111112,1e-09,So11111111111111111111111111111111111111112,1e-09
3DPg8YPtBiq5Gnj9pz79UfQQZ8PDwzYbNR4oBDuACHKz,TRANSFER,SYSTEM_PROGRAM,2t7jvtFEN9wSNinFkMjLhn4thSpUzUtG6E3oX3pZN7wJAA2e7ijs7dNT3sQzBdoMFDP4nSeiKiqYKYZqg9QXvmNK,2025-04-11 06:26:26,So11111111111111111111111111111111111111112,1e-05,So11111111111111111111111111111111111111112,1e-05
3DPgqA88FwTYhPvWD6gz2idGNPwEs3y8Auijj7kTK9th,TRANSFER,SYSTEM_PROGRAM,33gthFcn7DdLmMoMSCSpP23UoKciEiYG9HG66v3EzDAMH35yrE9kmoT2q2f7pmLAUSHcimq7QeEx1SKBD6PQ8STT,2025-04-11 06:41:18,So11111111111111111111111111111111111111112,1e-05,So11111111111111111111111111111111111111112,1e-05
3U6GsNZM2uuUy4CHqizW3HC2zQZRkyQxiou8uX7PjMak,TRANSFER,SYSTEM_PROGRAM,HgQfFYxodXh6TSaEnTUjmdfyiR7dM4vYWnNxkqoFVV5aqGGkiXom599gz5EbCG4LhqwwgTqAKxT6xRSMVB6dN4x,2025-04-11 06:41:35,So11111111111111111111111111111111111111112,1e-09,So11111111111111111111111111111111111111112,1e-09
3U6GsNZM2uuUy4CHqizW3HC2zQZRkyQxiou8uX7PjMak,TRANSFER,SYSTEM_PROGRAM,3AvJyKYLisYQ3XCNm1zvcFxCPdUmBffaFdKXeeTvtoP5KaXj8p72Wy9o6CiFF9WjPRcc4oRA8M5sqfNUvwkmJzD6,2025-04-11 06:41:35,So11111111111111111111111111111111111111112,2e-09,So11111111111111111111111111111111111111112,2e-09
3U6GsNZM2uuUy4CHqizW3HC2zQZRkyQxiou8uX7PjMak,TRANSFER,SYSTEM_PROGRAM,5AAxjtiomf1ysvpBmrcnctzYMqQ6MVwKW5xcKYCaDZhPtC8Na6LWyw98ULzFJqPnnFbsu9ZdiZWrcttW234sN1Mx,2025-04-11 06:41:35,So11111111111111111111111111111111111111112,3e-09,So11111111111111111111111111111111111111112,3e-09
3U6GsNZM2uuUy4CHqizW3HC2zQZRkyQxiou8uX7PjMak,TRANSFER,SYSTEM_PROGRAM,38jkJ5ND896BuBcZjvJxuZs6MijDbV3iqGbRpcB2U42jpWSaD73NWnXXbhk3n1ab8sfJcqtyzEE8x67LYwsZDuxW,2025-04-11 06:41:35,So11111111111111111111111111111111111111112,4e-09,So11111111111111111111111111111111111111112,4e-09
3DPg8YPtBiq5Gnj9pz79UfQQZ8PDwzYbNR4oBDuACHKz,TRANSFER,SYSTEM_PROGRAM,ova4qsgGGKiTu1WZ2Kue1K3WuRnQ5d4yRMFgXxHR7rSGnPpf9heLwMjuM5un7L4yUw74nRDGZxMHvhZBG1vfjTx,2025-04-11 06:41:53,So11111111111111111111111111111111111111112,1e-05,So11111111111111111111111111111111111111112,1e-05
99ardhWDF1HXWern2B7YVyzeoGxk1bcCkDHu8p2DKSJ9,TRANSFER,SOLANA_PROGRAM_LIBRARY,4JAYkrDc7ANZNYmEqHwX3Qp5WyXdgUhmrYH6BAusoBtaXSh5ifHjLdZUoFHdyMLH5QtB41YesBwc6bVfeXQNvJCm,2025-04-11 09:43:36,So11111111111111111111111111111111111111112,0.00203928,So11111111111111111111111111111111111111112,0.00203928
3DPg8YPtBiq5Gnj9pz79UfQQZ8PDwzYbNR4oBDuACHKz,TRANSFER,SYSTEM_PROGRAM,5gi2jQLbFsFejCsLLg34NaMFqgdE1RFfYuCyWHbfAk7Ymr6EivbQFuhzRKvdxBUaUTYNHbxDHn7cdPkm8T47Pu19,2025-04-11 11:49:40,So11111111111111111111111111111111111111112,0.000899,So11111111111111111111111111111111111111112,0.000899
CbwHLUVPszf2bTDxbWjS8L1jdRNn21SytKXvjqckWEXk,UNKNOWN,UNKNOWN,5mMGthP2pMtbcCz2FzLguKQ2UFs6kBvcUD2tKtrQ7z7rzJuPDsKG8wyoS7fazBZ8gp9LyuPnK6fcMzE4LkYUZWCf,2025-04-11 17:22:30,UNKNOWN,0.0,UNKNOWN,0.0
FLiPgGTXtBtEJoytikaywvWgbz5a56DdHKZU72HSYMFF,TRANSFER,SYSTEM_PROGRAM,2eQQtmNztDd6XDczVYTrBzSjBSVViQwTBUmzuwMZeSqxgGEzU33ncyrVWg4U2LjqtMqNdD2AQkn1cgUMJXWdAXTk,2025-04-12 06:41:24,So11111111111111111111111111111111111111112,1e-09,So11111111111111111111111111111111111111112,1e-09
FLiPGqowc82LLR173hKiFYBq2fCxLZEST5iHbHwj8xKb,TRANSFER,SYSTEM_PROGRAM,3dW8o45oAU7f1udaYVVjd4EuftKVfvCvwjaz1QXXc6bZBTYhJNV97iKf7eDsq9MaFA2gTjXumoRkp6yRUYcKE65a,2025-04-12 06:41:24,So11111111111111111111111111111111111111112,1e-09,So11111111111111111111111111111111111111112,1e-09
FLiPgGTXtBtEJoytikaywvWgbz5a56DdHKZU72HSYMFF,TRANSFER,SYSTEM_PROGRAM,2ZUfjHJsRrCuRjNx127EKZVfvkudkANeQQy8Qve6GsrM6kzJCsJBrAHGPe8Nh2NgzyUnKVrLMw9tpQEeekWegiit,2025-04-12 10:39:25,So11111111111111111111111111111111111111112,1e-09,So11111111111111111111111111111111111111112,1e-09
FLiPGqowc82LLR173hKiFYBq2fCxLZEST5iHbHwj8xKb,TRANSFER,SYSTEM_PROGRAM,4w1gnF9bTkDPBEUmzEgT7V1H9pFGftgfnVg3U84KASAaYU6a9Q7P8RwfkgH8yiTn9q4t1woSxTJsdTu5cPpEuXxH,2025-04-12 10:39:25,So11111111111111111111111111111111111111112,1e-09,So11111111111111111111111111111111111111112,1e-09
9HCTuTPEiQvkUtLmTZvK6uch4E3pDynwJTbNw6jLhp9z,TRANSFER,SYSTEM_PROGRAM,5GG3nM7fF6insHsX2xhtWmw6s8cQ9XGusMmEJH7xgcUR8KhscFDV3fE9epwcSYgiRUnA2CZyWAc4EaS7punyHmKj,2025-04-12 10:42:06,So11111111111111111111111111111111111111112,200.0,So11111111111111111111111111111111111111112,200.0
JD25qVdtd65FoiXNmR89JjmoJdYk9sjYQeSTZAALFiMy,SWAP,JUPITER,nwpZL3aTNJn695XE3qc32sQguunwN2zjtgwapwcvunnsE6wbka899xCnBhEDZYyaPFoqEuwMqghEzHzzEtA6myu,2025-04-12 10:42:07,So11111111111111111111111111111111111111112,0.555555556,7LSsEoJGhLeZzGvDofTdNg7M3JttxQqGWNLo6vWMpump,19549.62988
JD1dHSqYkrXvqUVL8s6gzL1yB7kpYymsHfwsGxgwp55h,SWAP,JUPITER,5Qor4R85Wii8VHaWTJ5WHfa5moCMvfNXRHpNzbuegtbQtbMWBhdEiu2bQRKhzC2ykovn15b2s7i6M42mbqgPgNrc,2025-04-12 10:43:09,So11111111111111111111111111111111111111112,0.555555556,7LSsEoJGhLeZzGvDofTdNg7M3JttxQqGWNLo6vWMpump,18970.82475
JD1dHSqYkrXvqUVL8s6gzL1yB7kpYymsHfwsGxgwp55h,SWAP,JUPITER,CLPJopnZJjSnqnemtrKsbn2tnhEjfvR9jYhw6SJSG6NtSV9Tor3GM4zHGxossr7Z7qujVam9vkRnm5w6gf9nXdf,2025-04-12 10:44:10,So11111111111111111111111111111111111111112,0.555555556,7LSsEoJGhLeZzGvDofTdNg7M3JttxQqGWNLo6vWMpump,18768.563502
BACgqeSiUs8WT6Xyr8rvNxE2qkJjnmmhQBmcfm1ZdKRd,TRANSFER,SYSTEM_PROGRAM,RNy1BbqRxVSKLjCQUvACNb8r7utfB1a6rNaskjyzGiXUaCzUL8784BZEYoPnThExc5wBf7wh4oyVjeYGmxbSSoh,2025-04-12 10:45:48,So11111111111111111111111111111111111111112,1e-09,So11111111111111111111111111111111111111112,1e-09
JD25qVdtd65FoiXNmR89JjmoJdYk9sjYQeSTZAALFiMy,SWAP,JUPITER,5saCfBGNiB8DmhwuJ7Kh6jK6T8VdFfHCJtpeHVAtJMAcw2jTs5WeNY7jS3NkCuwV7YWH98XLdYjj3esNULVXgsQF,2025-04-12 10:49:10,So11111111111111111111111111111111111111112,0.555555556,7LSsEoJGhLeZzGvDofTdNg7M3JttxQqGWNLo6vWMpump,18768.563502
JD38n7ynKYcgPpF7k1BhXEeREu1KqptU93fVGy3S624k,SWAP,JUPITER,4g8wTsH3bn9LQgYe9peDB5h1c5hjje333ziNozSE5nrprAN2dhXs9iBieSL9ucuQqB6X8Jx78yWEGUfJzD3V97Bn,2025-04-12 10:56:16,So11111111111111111111111111111111111111112,0.555555556,7LSsEoJGhLeZzGvDofTdNg7M3JttxQqGWNLo6vWMpump,18362.071968
JD1dHSqYkrXvqUVL8s6gzL1yB7kpYymsHfwsGxgwp55h,SWAP,JUPITER,3qkqP1Pq14WEbiaTPPn7UjtqAz5nVtVfNTe9ES812GS43zzEU2a5XzPbiTK6z9b7NvLCvkmkkWn9gTS63ASikfVp,2025-04-12 11:05:09,So11111111111111111111111111111111111111112,0.555555556,7LSsEoJGhLeZzGvDofTdNg7M3JttxQqGWNLo6vWMpump,18970.82475
JD1dHSqYkrXvqUVL8s6gzL1yB7kpYymsHfwsGxgwp55h,SWAP,JUPITER,2bAtZemqiDSmXE9apBktSpjzo4Wazs16Gav3qENmp2qgfmBVk8N4yxhcJbGJEmaqAU75DTy9SEJuMPtuoSUf1RUE,2025-04-12 11:10:08,So11111111111111111111111111111111111111112,0.555555556,7LSsEoJGhLeZzGvDofTdNg7M3JttxQqGWNLo6vWMpump,19373.065206
JD1dHSqYkrXvqUVL8s6gzL1yB7kpYymsHfwsGxgwp55h,SWAP,JUPITER,5sGpjwLBGHytnBTRjjV9JpUrATtktkr9iYWFFmfQQyiKH3NyMxqaaSdVeZ7vZdL4UXqCRFjeQB64dJW8adwobR6F,2025-04-12 11:12:11,So11111111111111111111111111111111111111112,0.555555556,7LSsEoJGhLeZzGvDofTdNg7M3JttxQqGWNLo6vWMpump,19172.346681
JD38n7ynKYcgPpF7k1BhXEeREu1KqptU93fVGy3S624k,SWAP,JUPITER,32wbFucXpHQ5PvT4Q2fpm9mrbkyemPQSrijLf1vAn9f6urxBwvbtvsov2LEZf7hXtmDxprb8y7Nq42k7mJEL1ixy,2025-04-12 11:15:11,So11111111111111111111111111111111111111112,0.555555556,7LSsEoJGhLeZzGvDofTdNg7M3JttxQqGWNLo6vWMpump,18768.563502
JD38n7ynKYcgPpF7k1BhXEeREu1KqptU93fVGy3S624k,SWAP,JUPITER,5GEXRSMvPVAVihZHZRus61ropRx7V3e5fwJLyavz1fHgu2PqZyGzCZcqvJiNonXUAJfwkNnxgbyAKFe4rmCmktzR,2025-04-12 11:17:10,So11111111111111111111111111111111111111112,0.555555556,7LSsEoJGhLeZzGvDofTdNg7M3JttxQqGWNLo6vWMpump,19127.658695
JD1dHSqYkrXvqUVL8s6gzL1yB7kpYymsHfwsGxgwp55h,SWAP,JUPITER,5vcLcqy96oDDg96GU7u4rWTyzSsjYi1GznrHLHXbEJnEWt2q9H1wr1hU1AgV7gunf85USJNC8ottEcnbjRuL4v7C,2025-04-12 11:45:10,So11111111111111111111111111111111111111112,0.555555556,7LSsEoJGhLeZzGvDofTdNg7M3JttxQqGWNLo6vWMpump,20972.185804
JD1dHSqYkrXvqUVL8s6gzL1yB7kpYymsHfwsGxgwp55h,SWAP,JUPITER,4eX6Ca8v2zQZAspKY8L9bnpn78XnZdagXs7LKAdaq1pYf7p3fxvpAF3htf1NSbjc7GitKHqiLij5vnEpbmgSP51S,2025-04-12 11:46:10,So11111111111111111111111111111111111111112,0.555555556,7LSsEoJGhLeZzGvDofTdNg7M3JttxQqGWNLo6vWMpump,20972.184818
JD1dHSqYkrXvqUVL8s6gzL1yB7kpYymsHfwsGxgwp55h,SWAP,JUPITER,5wDgFLWVPp9LXAEZv9KkGCLQHBqxB1H1Y1fCGFKM2dvdhQLpmXReMUYrTHkdy98Q1SRJSE3qLb7v3LYEEtEJ7o6J,2025-04-12 11:52:08,So11111111111111111111111111111111111111112,0.555555556,7LSsEoJGhLeZzGvDofTdNg7M3JttxQqGWNLo6vWMpump,21366.329273
JD1dHSqYkrXvqUVL8s6gzL1yB7kpYymsHfwsGxgwp55h,SWAP,JUPITER,QuocpZeQ7sVbNXkRSLWo88bqHJSHnVLh9qMEZ9nojgvqyvYVsdxCBoW6Toj5M5iYNLJCs1bgp9ZaRGn4aqobZaQ,2025-04-12 11:57:10,So11111111111111111111111111111111111111112,0.555555556,7LSsEoJGhLeZzGvDofTdNg7M3JttxQqGWNLo6vWMpump,20972.184818
JD1dHSqYkrXvqUVL8s6gzL1yB7kpYymsHfwsGxgwp55h,SWAP,JUPITER,4DgWjbkZi5Rr3kMdAjSHZiFrZTRBa9DdmHiknRoko1N5QpsWbXKdSsbKNy23tzY5HgdLjE5XX2H18YCWS9dmVYMB,2025-04-12 12:02:10,So11111111111111111111111111111111111111112,0.555555556,7LSsEoJGhLeZzGvDofTdNg7M3JttxQqGWNLo6vWMpump,20984.569524
JD38n7ynKYcgPpF7k1BhXEeREu1KqptU93fVGy3S624k,SWAP,PUMP_FUN,3F7yS8P5hDrPP3xV4Uu5N8MsKwFc7yt9rhsuJkG1Ujgxb2tWuZ9hqt5n2mi3ENMgRtbfreamGmzbWbQVU6k3Rmnj,2025-04-12 12:12:10,So11111111111111111111111111111111111111112,0.002012246,7LSsEoJGhLeZzGvDofTdNg7M3JttxQqGWNLo6vWMpump,21422.631309002638
JD1dHSqYkrXvqUVL8s6gzL1yB7kpYymsHfwsGxgwp55h,SWAP,PUMP_FUN,2SHeBFodi28EqL6QwHAzi3L7qceN65cCWM4SJ8GzkLC6XgRXGig7pfQafgMDw43Zgy8hCeFMQnDPCPs95fWYddu3,2025-04-12 12:13:12,So11111111111111111111111111111111111111112,7.705e-06,7LSsEoJGhLeZzGvDofTdNg7M3JttxQqGWNLo6vWMpump,21091.469190001488
JD1dHSqYkrXvqUVL8s6gzL1yB7kpYymsHfwsGxgwp55h,SWAP,PUMP_FUN,5JYeRQSfKMMdY3yJiqcNxLP9nC1Zga6Tn7MfbxQZvu514t9jAHdT77W7pGPB2FuF8P6MVMFRZBbrDJuC3LHzQQka,2025-04-12 12:14:09,So11111111111111111111111111111111111111112,6.259e-06,7LSsEoJGhLeZzGvDofTdNg7M3JttxQqGWNLo6vWMpump,21016.702241003513
JD38n7ynKYcgPpF7k1BhXEeREu1KqptU93fVGy3S624k,SWAP,JUPITER,hPAcgu2EN3P9kxA1LAg11H4oyUm1RT9rkUXsoDWskzuQ8V26BU9DfcvUdqE9XdXu9tdD9coN7KQPwaFFkmyM9Xy,2025-04-12 12:15:21,So11111111111111111111111111111111111111112,0.555555556,7LSsEoJGhLeZzGvDofTdNg7M3JttxQqGWNLo6vWMpump,20988.439763
JD1dHSqYkrXvqUVL8s6gzL1yB7kpYymsHfwsGxgwp55h,SWAP,PUMP_FUN,3MihFVJ8BfRuvEoLcvzdyMQVmRCzRKhXPW31pHcTrEhRXc8TraRNF5nMmunep6KCU2mzrvKmwDVExiwJDXPqSqvV,2025-04-12 12:16:11,So11111111111111111111111111111111111111112,1.0096e-05,7LSsEoJGhLeZzGvDofTdNg7M3JttxQqGWNLo6vWMpump,21022.58794299513
JD1dHSqYkrXvqUVL8s6gzL1yB7kpYymsHfwsGxgwp55h,SWAP,PUMP_FUN,4JBxxM1Zp5obWNV1cJoVu8XYtzVFY6yBFjZXSsqVMBtBThzdnqGMhSgH8y1ETJ4vQh9qJE2VdBopziM6RzBf77s5,2025-04-12 12:17:14,So11111111111111111111111111111111111111112,1.015e-05,7LSsEoJGhLeZzGvDofTdNg7M3JttxQqGWNLo6vWMpump,20979.916876003146
JD1dHSqYkrXvqUVL8s6gzL1yB7kpYymsHfwsGxgwp55h,SWAP,PUMP_FUN,2cx7JyZpCWrrC4CeRizTNstN4gippxgKxEYBbZSnV2779A8KtDpgwvT5daRkJ4DduGXZ7msKhXmNpe4ZDhRUYvPP,2025-04-12 12:18:10,So11111111111111111111111111111111111111112,7.092e-06,7LSsEoJGhLeZzGvDofTdNg7M3JttxQqGWNLo6vWMpump,20994.380557000637
JD1dHSqYkrXvqUVL8s6gzL1yB7kpYymsHfwsGxgwp55h,SWAP,PUMP_FUN,X5ygvAmRgSnx86FzYyPk7KAJrm3k1hHDjbwB2XgYMsLzWGRFZQewnuj2V5Uu3Vp6R8wVs1WaQ4yE48Eyk51hPnz,2025-04-12 12:19:09,So11111111111111111111111111111111111111112,6.844e-06,7LSsEoJGhLeZzGvDofTdNg7M3JttxQqGWNLo6vWMpump,20838.747216001153
JD1dHSqYkrXvqUVL8s6gzL1yB7kpYymsHfwsGxgwp55h,SWAP,PUMP_FUN,cS6tDMYYcnG93F6tF6zFkHzk3dimNm2acoaM9wLEEVxuCJcnP5CXYM9gND2omT7FQUiiLZeCHrZT9niBGtWJ7YK,2025-04-12 12:20:09,So11111111111111111111111111111111111111112,6.614e-06,7LSsEoJGhLeZzGvDofTdNg7M3JttxQqGWNLo6vWMpump,20785.467285998166
JD1dHSqYkrXvqUVL8s6gzL1yB7kpYymsHfwsGxgwp55h,SWAP,PUMP_FUN,4DeRCgjpZ4Sj13qHzxAwjAFsPv6nWxAUDxPaJwXhcEyp3VZLhUUL6njaGhhbNaxm8QFMxMHvPAMA6DecWQJwhVCP,2025-04-12 12:21:10,So11111111111111111111111111111111111111112,8.684e-06,7LSsEoJGhLeZzGvDofTdNg7M3JttxQqGWNLo6vWMpump,20847.71389900148
JD25qVdtd65FoiXNmR89JjmoJdYk9sjYQeSTZAALFiMy,SWAP,PUMP_FUN,4K5RnQ11L6SfeMPfBWh8FWq6npvov4HfqPrKFPz3RBt9UeZsBz1uAFJNHrcAAJ2woxZQJJESMsSvVCK5NtVVfcp4,2025-04-12 12:22:13,So11111111111111111111111111111111111111112,0.002013756,7LSsEoJGhLeZzGvDofTdNg7M3JttxQqGWNLo6vWMpump,20652.58439400047
JD1dHSqYkrXvqUVL8s6gzL1yB7kpYymsHfwsGxgwp55h,SWAP,JUPITER,5nXixcKTfWGX3uTShsJ2d5Fqeco1A5rMQdxTDChyjEJvQeHZcAqPVJ41mvN4WNJLTf4ZYHZeSAZ4Jv9bu5RwfQ35,2025-04-12 12:23:09,So11111111111111111111111111111111111111112,0.555555556,7LSsEoJGhLeZzGvDofTdNg7M3JttxQqGWNLo6vWMpump,20539.956404
JD25qVdtd65FoiXNmR89JjmoJdYk9sjYQeSTZAALFiMy,SWAP,PUMP_FUN,4pD2fRgT2SUdkFDTL5FGwQmurBbcpXcyqwHKx1uvsCDaR9uf4MiYF2MJ5fbjFgYvXgD5xXkeQmf6SeoCberSmt3Q,2025-04-12 12:24:11,So11111111111111111111111111111111111111112,0.002013756,7LSsEoJGhLeZzGvDofTdNg7M3JttxQqGWNLo6vWMpump,20569.817630000412
JD1dHSqYkrXvqUVL8s6gzL1yB7kpYymsHfwsGxgwp55h,SWAP,PUMP_FUN,rdnSTGGqNfu5AYoLtoVDpqoynnzvVU1RGfSbCMxfGLNbVScVcLWALUqj4c6iABGHZyVSJktFCHJBkJMbtZsxwNo,2025-04-12 12:25:09,So11111111111111111111111111111111111111112,8.425e-06,7LSsEoJGhLeZzGvDofTdNg7M3JttxQqGWNLo6vWMpump,20633.482891999185
JD25qVdtd65FoiXNmR89JjmoJdYk9sjYQeSTZAALFiMy,SWAP,PUMP_FUN,2R8gH39oJ4ibs4hUqiozb7ExodqmbsgQDcXETW1PB99TuE3tU1YLFjPRvJXWw2j2siGZnP2YNEEf6HjC9YDvC7TC,2025-04-12 12:26:09,So11111111111111111111111111111111111111112,2.7023e-05,7LSsEoJGhLeZzGvDofTdNg7M3JttxQqGWNLo6vWMpump,20647.861018002033
JD1dHSqYkrXvqUVL8s6gzL1yB7kpYymsHfwsGxgwp55h,SWAP,PUMP_FUN,3NvoqQLD4DrmHxSeyLPWaqhUS3qR5eDFsqgRh3D4sWJrD2WNhBuihekLHoNn1J8dtZEEkDDTrzHYPBYMkmt8qgQ3,2025-04-12 12:27:10,So11111111111111111111111111111111111111112,9.785e-06,7LSsEoJGhLeZzGvDofTdNg7M3JttxQqGWNLo6vWMpump,20649.49933400005
JD1dHSqYkrXvqUVL8s6gzL1yB7kpYymsHfwsGxgwp55h,SWAP,PUMP_FUN,5cn2biRPWf3XX4JjXFTBqtKySQLm4s51egJqwQLjj4Zd2VunWrR1VLxUZkTctF4eyDsd5GRmnW7y6VNdmSReApBt,2025-04-12 12:28:11,So11111111111111111111111111111111111111112,6.761e-06,7LSsEoJGhLeZzGvDofTdNg7M3JttxQqGWNLo6vWMpump,21017.19689000398
JD1dHSqYkrXvqUVL8s6gzL1yB7kpYymsHfwsGxgwp55h,SWAP,JUPITER,4QEmQZPWMpozCBtmQPaA7JWw37CLWGW55u44Y3NHh1Q98y7Pm7NBVtudRbo1vxV8ccPteVRMmQ4JWoTnJqYgDan8,2025-04-12 12:43:12,So11111111111111111111111111111111111111112,0.555555556,7LSsEoJGhLeZzGvDofTdNg7M3JttxQqGWNLo6vWMpump,21623.692065
JD1dHSqYkrXvqUVL8s6gzL1yB7kpYymsHfwsGxgwp55h,SWAP,JUPITER,5nyv8pdpFgm6DyUsBes57QSuHkgb7sF2DM26f8CXzPqAqNRjiAkkno9ZfHTdzmrVmUK7frciCgHFDbBYB3MLCXDs,2025-04-12 12:44:10,So11111111111111111111111111111111111111112,0.555555556,7LSsEoJGhLeZzGvDofTdNg7M3JttxQqGWNLo6vWMpump,21624.430292
JD1dHSqYkrXvqUVL8s6gzL1yB7kpYymsHfwsGxgwp55h,SWAP,JUPITER,4Q57p7hwp7V9C2CqDhB7P7YwjNtck3CvM8ejbDvycK4VjPu89AHoCfHiTStttQBZnfEm3CtSP5TZCd7uucKSUxaJ,2025-04-12 12:45:11,So11111111111111111111111111111111111111112,0.555555556,7LSsEoJGhLeZzGvDofTdNg7M3JttxQqGWNLo6vWMpump,21624.660929
9KxQy6StbkJhubAbfvfriUK6LYYJ5cSkBoS3ZhcbdUx2,TRANSFER,SYSTEM_PROGRAM,4UdVm7DUSmRYAXrKgXvFkGMsdTX3ThmvoxnEBigjNfVuhssA7KZq3rwCNvvYaNqmvmvkEmtBDZJs3AwnSWT7FRmS,2025-04-12 12:47:15,So11111111111111111111111111111111111111112,1e-09,So11111111111111111111111111111111111111112,1e-09
JD1dHSqYkrXvqUVL8s6gzL1yB7kpYymsHfwsGxgwp55h,SWAP,JUPITER,5GLV7o5mymPdxRNUiZ9RFmfsRptDrpeQGVXXhGMZznx9UzuTrxiTZApnJZu9fiN7VBkVoboX65u6Hgm1eA7w6qfA,2025-04-12 13:09:12,So11111111111111111111111111111111111111112,0.555555556,7LSsEoJGhLeZzGvDofTdNg7M3JttxQqGWNLo6vWMpump,23313.204732
JD25qVdtd65FoiXNmR89JjmoJdYk9sjYQeSTZAALFiMy,SWAP,JUPITER,5771iPdTJkdJXFhWumzeH7Ggs7PbS7aXxBQk9AkEBTEmMR6nGUgJBmDpsFrwbMJaHHWjEWE5Rutgov8C9X6E1qDX,2025-04-12 13:15:14,So11111111111111111111111111111111111111112,0.555555556,7LSsEoJGhLeZzGvDofTdNg7M3JttxQqGWNLo6vWMpump,23313.204732
JD38n7ynKYcgPpF7k1BhXEeREu1KqptU93fVGy3S624k,SWAP,JUPITER,5qGDaMUbnD9sb3jSDu2hVcvs6eZLTarcQKgCqt493Bg57pTVvoevNYDzyLJxWNaY8qC9mBBxHC9WBKJ87cBFyiWE,2025-04-12 13:17:12,So11111111111111111111111111111111111111112,0.555555556,7LSsEoJGhLeZzGvDofTdNg7M3JttxQqGWNLo6vWMpump,23228.753343
JD1dHSqYkrXvqUVL8s6gzL1yB7kpYymsHfwsGxgwp55h,SWAP,JUPITER,4KD9bBbhYZqeLd4RqwHWRy3hWCfPSDD3v7pnuk7PQVoyc6mJmTZ1UumyNWVGgccEP7HapyrYoA85ebptWoju8ze7,2025-04-12 13:32:08,So11111111111111111111111111111111111111112,0.555555556,7LSsEoJGhLeZzGvDofTdNg7M3JttxQqGWNLo6vWMpump,22954.168957
JD1dHSqYkrXvqUVL8s6gzL1yB7kpYymsHfwsGxgwp55h,SWAP,JUPITER,4U78XEC2yy5BuUTwRaSr5sYG2wxk8LhXD6ee4F3tACEebtn2J7Dz7gHiPksLXCCEXLikRxJXJrYmbUq1z2TwtjDK,2025-04-12 13:33:11,So11111111111111111111111111111111111111112,0.555555556,7LSsEoJGhLeZzGvDofTdNg7M3JttxQqGWNLo6vWMpump,22725.875804
JD1dHSqYkrXvqUVL8s6gzL1yB7kpYymsHfwsGxgwp55h,SWAP,JUPITER,6Q5cbbnot9YB3mSdPpiZZrz99H2E1fhPAdDnNJgHYdVHxs51FSjPJRs72sbvnWJ4vdKF3fSQVVqAF9LsQAgBzf4,2025-04-12 13:35:12,So11111111111111111111111111111111111111112,0.555555556,7LSsEoJGhLeZzGvDofTdNg7M3JttxQqGWNLo6vWMpump,22955.026265
JD1dHSqYkrXvqUVL8s6gzL1yB7kpYymsHfwsGxgwp55h,SWAP,JUPITER,3br2zjVoqWtm6E7x43TwBiwN1hnDP193LfNXeYiDnj9PNqyUw5J8PVSuab97MArNYYKZHhjFghkCHLyT5j5vj5op,2025-04-12 13:39:12,So11111111111111111111111111111111111111112,0.555555556,7LSsEoJGhLeZzGvDofTdNg7M3JttxQqGWNLo6vWMpump,22725.95407
JD1dHSqYkrXvqUVL8s6gzL1yB7kpYymsHfwsGxgwp55h,SWAP,JUPITER,2fMe16FUCNqZG9rL78btnP1sacswatbyWwydfg87L6hvEnu6ntpnZ9suqVZwZvUVgFfnmx2r4QYkK6EsaHHzW4Xy,2025-04-12 13:40:09,So11111111111111111111111111111111111111112,0.555555556,7LSsEoJGhLeZzGvDofTdNg7M3JttxQqGWNLo6vWMpump,22725.95407
JD1dHSqYkrXvqUVL8s6gzL1yB7kpYymsHfwsGxgwp55h,SWAP,JUPITER,uqpAdA9kWeTnZHpa7cbdoC4dnVkqYwMYGg5dQCNnGa8sjd3UNvb296ydLebxWbWsLLwtRgY1xnhQZs4ZfBKc93V,2025-04-12 13:45:11,So11111111111111111111111111111111111111112,0.555555556,7LSsEoJGhLeZzGvDofTdNg7M3JttxQqGWNLo6vWMpump,23857.823913
JD1dHSqYkrXvqUVL8s6gzL1yB7kpYymsHfwsGxgwp55h,SWAP,JUPITER,51osttqXmMdSqUKjr1QfVwDMzFtRUfbRVYu3f4eFAbSkxewaPEe1woCdwoteC6YTbkYwmLJ7umY1jnAeLNKq4FWE,2025-04-12 13:47:12,So11111111111111111111111111111111111111112,0.555555556,7LSsEoJGhLeZzGvDofTdNg7M3JttxQqGWNLo6vWMpump,22955.028811
FLiPGqowc82LLR173hKiFYBq2fCxLZEST5iHbHwj8xKb,TRANSFER,SYSTEM_PROGRAM,2UcicXaZuHfgppDu9gWTGL7iLGyQqG6DsuhvaaJJGJC6Ex2rz3u2TtLHTBPKHVyQ3sMk2W1bDkjYNLZFLKzq9mqW,2025-04-12 13:52:48,So11111111111111111111111111111111111111112,1e-09,So11111111111111111111111111111111111111112,1e-09
FLiPgGTXtBtEJoytikaywvWgbz5a56DdHKZU72HSYMFF,TRANSFER,SYSTEM_PROGRAM,2n2d3n3KG17i1afXdsefFHk1Zu3UQr9igq7Vey95pG31FfwzeZxWK2mBq923sAPxT9fYvbL1saCj5PJFJKZno5sh,2025-04-12 13:52:54,So11111111111111111111111111111111111111112,1e-09,So11111111111111111111111111111111111111112,1e-09
JD1dHSqYkrXvqUVL8s6gzL1yB7kpYymsHfwsGxgwp55h,SWAP,JUPITER,2wNFwcYLCKJTAVJryhzLKaecBVoRjpAuyqiHHnvFd9qC6jteFAPjh2d5pumSfBh418dWqzgsMmkTGsFfaKvuvEoX,2025-04-12 13:55:11,So11111111111111111111111111111111111111112,0.555555556,7LSsEoJGhLeZzGvDofTdNg7M3JttxQqGWNLo6vWMpump,23182.745747
AxiomRYAid8ZDhS1bJUAzEaNSr69aTWB9ATfdDLfUbnc,UNKNOWN,UNKNOWN,hkdNYDEdULQ5jfegCUGQNBTdAfLDiX22P77M3u5adavExwmgim776PSjfSbBLUdWnbi2hk1asr1VKXg2W9VkNDZ,2025-04-12 13:55:24,UNKNOWN,0.0,UNKNOWN,0.0
JD1dHSqYkrXvqUVL8s6gzL1yB7kpYymsHfwsGxgwp55h,SWAP,JUPITER,6441DXdLkMwyoo34phbtmyotVW2rX1vvgM3K1BD9GiuzJEkwebfxVKNEMPXn7RC5SBmQW7iESZipyJ8Vfy6ZhfFk,2025-04-12 13:56:09,So11111111111111111111111111111111111111112,0.555555556,7LSsEoJGhLeZzGvDofTdNg7M3JttxQqGWNLo6vWMpump,23182.745747
JD1dHSqYkrXvqUVL8s6gzL1yB7kpYymsHfwsGxgwp55h,SWAP,JUPITER,5XEf5EhWiT7h4jjDWem1QzknRW4sk3YzGdbeYMF7TfHPxueFSDvSTmcLqz8ZzrT7zH2Bep18bw9mC1paYXzcencg,2025-04-12 13:57:11,So11111111111111111111111111111111111111112,0.555555556,7LSsEoJGhLeZzGvDofTdNg7M3JttxQqGWNLo6vWMpump,23184.121477
JD1dHSqYkrXvqUVL8s6gzL1yB7kpYymsHfwsGxgwp55h,SWAP,JUPITER,5vkGs5oKgXE4466wQHRvNvkPnQyAWGqxEcr3ZqaZjeTzBuDd7NoQfd31X7FLYymUADE56AJgAnddBvR1HxNP5Ayo,2025-04-12 13:58:08,So11111111111111111111111111111111111111112,0.555555556,7LSsEoJGhLeZzGvDofTdNg7M3JttxQqGWNLo6vWMpump,23184.465368
JD1dHSqYkrXvqUVL8s6gzL1yB7kpYymsHfwsGxgwp55h,SWAP,JUPITER,2bfZVY81aDFo8SiukbEAttQ5ynPSKSdhndDGi2M1CytqFSFCLDkR6un3XbKiwzfy92SXCcUMu1dX6ADx18a19ip5,2025-04-12 13:59:08,So11111111111111111111111111111111111111112,0.555555556,7LSsEoJGhLeZzGvDofTdNg7M3JttxQqGWNLo6vWMpump,22953.177884
JD1dHSqYkrXvqUVL8s6gzL1yB7kpYymsHfwsGxgwp55h,SWAP,JUPITER,5pK9f1DMeAkRgLxnGGaudEFYNF3zruBoyJhkhBKmNPnWLVvZk9gTukQSqkwia8pGN9hD3rQDYSmFatz5gR4h7isU,2025-04-12 14:05:13,So11111111111111111111111111111111111111112,0.555555556,7LSsEoJGhLeZzGvDofTdNg7M3JttxQqGWNLo6vWMpump,23184.578129
JD1dHSqYkrXvqUVL8s6gzL1yB7kpYymsHfwsGxgwp55h,SWAP,JUPITER,oqR3koFViHpaFAJEeJwbPz3D2hynMSZLc2LVWZLCjiNmAGHUq4QmsGR96SmUFnHruxeWL753yZY4BjgDLPNd36i,2025-04-12 14:07:11,So11111111111111111111111111111111111111112,0.555555556,7LSsEoJGhLeZzGvDofTdNg7M3JttxQqGWNLo6vWMpump,23184.579478
JD1dHSqYkrXvqUVL8s6gzL1yB7kpYymsHfwsGxgwp55h,SWAP,JUPITER,5uTUZNAyHc9skCEdu816nPjfnkcqo5N1kMTVFfHobhrGZFHrKHFCZgc5FxccwaJEACzvc5eqQSDUECb1cwHhuDtq,2025-04-12 14:09:10,So11111111111111111111111111111111111111112,0.555555556,7LSsEoJGhLeZzGvDofTdNg7M3JttxQqGWNLo6vWMpump,23184.5799
JD38n7ynKYcgPpF7k1BhXEeREu1KqptU93fVGy3S624k,SWAP,JUPITER,rK2yN5YNsGaP7kZyUuurHCYKtAg2Z8hU3BYbw4m5DJeFkCoUK166rghoYHfH4oVyupVxHmPEV1HWrVY1LgKsGbf,2025-04-12 14:12:11,So11111111111111111111111111111111111111112,0.555555556,7LSsEoJGhLeZzGvDofTdNg7M3JttxQqGWNLo6vWMpump,24096.695436
JD38n7ynKYcgPpF7k1BhXEeREu1KqptU93fVGy3S624k,SWAP,JUPITER,2btscMiJNqF9tK85oHgWViCKrechgAVs2Xog2GUnTGf6N8HkRY4KsF5DiXTi1J99MERKuC9ZgyxA5TtusSrVrwhM,2025-04-12 14:25:10,So11111111111111111111111111111111111111112,0.555555556,7LSsEoJGhLeZzGvDofTdNg7M3JttxQqGWNLo6vWMpump,24800.025123
JD1dHSqYkrXvqUVL8s6gzL1yB7kpYymsHfwsGxgwp55h,SWAP,PUMP_FUN,247sRnjEnvABRnT1kHUNTymYpe1PaGNTMoRunSLDBvCWAuix2JEXSnzK6UXQFrzV1bdfUwxzJEuppqxCvKbaW2Jv,2025-04-12 14:30:11,So11111111111111111111111111111111111111112,1.1865e-05,7LSsEoJGhLeZzGvDofTdNg7M3JttxQqGWNLo6vWMpump,25319.392806001008
JD1dHSqYkrXvqUVL8s6gzL1yB7kpYymsHfwsGxgwp55h,SWAP,PUMP_FUN,5Bq4nSJL8HuoB5P9wuL5WFidpaUy9zTHjDAJN8TinurC8tfpqNZAqE3buBfP7cS2TWwMiXhRZQvT1LSXmMB8Xovr,2025-04-12 14:31:11,So11111111111111111111111111111111111111112,1.7897e-05,7LSsEoJGhLeZzGvDofTdNg7M3JttxQqGWNLo6vWMpump,25551.55835700035
JD1dHSqYkrXvqUVL8s6gzL1yB7kpYymsHfwsGxgwp55h,SWAP,PUMP_FUN,2ThN4zp3mfm2tH8A5NKjgWcEpvLGYCXLdv6vD1Ziuz11QZjjXw9fxPivgZNyDABXqUC15EG8bRnsVDVxFGUnPiQr,2025-04-12 14:32:10,So11111111111111111111111111111111111111112,0.000105309,7LSsEoJGhLeZzGvDofTdNg7M3JttxQqGWNLo6vWMpump,25613.170870006084
JD25qVdtd65FoiXNmR89JjmoJdYk9sjYQeSTZAALFiMy,SWAP,JUPITER,5fPJc26vrvPD2prCPRZpSgfoUFTuKtx2RgvxhzfbkA1ZybQ9KJTuRXoLCj11MDWVA4qQGEzbMihGSHtcjH7a2UnS,2025-04-12 14:33:15,So11111111111111111111111111111111111111112,0.555555556,7LSsEoJGhLeZzGvDofTdNg7M3JttxQqGWNLo6vWMpump,25100.554322
JD38n7ynKYcgPpF7k1BhXEeREu1KqptU93fVGy3S624k,SWAP,PUMP_FUN,3WxmeVx9gEqea9QC5yjHMYSyxMCvdehzBNtGfBSzAo1kKBi3Z86VYZMPEGB7kAj9UUZM81dDFQGVwM4MHrECdvXT,2025-04-12 14:34:14,So11111111111111111111111111111111111111112,2.8237e-05,7LSsEoJGhLeZzGvDofTdNg7M3JttxQqGWNLo6vWMpump,24969.49875500053
JD38n7ynKYcgPpF7k1BhXEeREu1KqptU93fVGy3S624k,SWAP,PUMP_FUN,UGDn15h5LY7jfzPXH4nb33Tgwi8JCAZW8tgZ21zx9xjEPx2XEeW8LJpo8sx3w3tHPvTbjRPj5VwydsRLrGRgVQp,2025-04-12 14:35:12,So11111111111111111111111111111111111111112,2.8532e-05,7LSsEoJGhLeZzGvDofTdNg7M3JttxQqGWNLo6vWMpump,25419.069505006075
JD25qVdtd65FoiXNmR89JjmoJdYk9sjYQeSTZAALFiMy,SWAP,PUMP_FUN,41eUjYTB8jrPM4G5bfvUtwSDcBBPezULyjXLxDFikA8AAjvUX8hJfixxsaRMBMAZHqoaA5XtxML2b9ABLiYdWDLh,2025-04-12 14:36:12,So11111111111111111111111111111111111111112,0.002013756,7LSsEoJGhLeZzGvDofTdNg7M3JttxQqGWNLo6vWMpump,24616.68026699871
JD38n7ynKYcgPpF7k1BhXEeREu1KqptU93fVGy3S624k,SWAP,JUPITER,r1sjaAFedZqK8AeF8pkCAMWsqZ5ocPPD8Wi3W9npHJ2943qj2s2jNAXAaUrdx9jv13QRYLxAbTEjpQJ58cmrzJi,2025-04-12 14:37:12,So11111111111111111111111111111111111111112,0.555555556,7LSsEoJGhLeZzGvDofTdNg7M3JttxQqGWNLo6vWMpump,24603.251022
JD25qVdtd65FoiXNmR89JjmoJdYk9sjYQeSTZAALFiMy,SWAP,PUMP_FUN,4vA6uZzy5Cy6sbfY6rRvutxPfC7i4BRQxun62BDQcTk5zoFGnS66zL3Ri8kvj5B8LK5rxBpqDQ6KgHLBDoUJvA5W,2025-04-12 14:38:11,So11111111111111111111111111111111111111112,0.002013756,7LSsEoJGhLeZzGvDofTdNg7M3JttxQqGWNLo6vWMpump,24266.070738002658
JD25qVdtd65FoiXNmR89JjmoJdYk9sjYQeSTZAALFiMy,SWAP,PUMP_FUN,61Szmv9x6jMWyQZwucPwmPpdp65TfM5s4duFeFD5wMtRtCwDfDJ8VXtuokEdWA75yCucGhrVQ1EFJPXpeS9bPgPz,2025-04-12 14:39:10,So11111111111111111111111111111111111111112,2.7019e-05,7LSsEoJGhLeZzGvDofTdNg7M3JttxQqGWNLo6vWMpump,24363.37598900497
JD1dHSqYkrXvqUVL8s6gzL1yB7kpYymsHfwsGxgwp55h,SWAP,PUMP_FUN,n8Apt8BsJ1Nn94JZ2fWX56eWSHVj2DHcgxqwq6UiJ1ALEpfHtiHiZq4R1uUHrar9LZrKe7tX4VqEtm368M28rn9,2025-04-12 14:40:10,So11111111111111111111111111111111111111112,1.3063e-05,7LSsEoJGhLeZzGvDofTdNg7M3JttxQqGWNLo6vWMpump,24279.614241994917
JD1dHSqYkrXvqUVL8s6gzL1yB7kpYymsHfwsGxgwp55h,SWAP,PUMP_FUN,3RkTJAPJWWZSHsFe1nRrTHDKpZwB8mN84h7dcQij6HGVmg7bUUDv9fjsZf2LENrKwUUQmFgpJPbBrrQPrkaah4G6,2025-04-12 14:41:13,So11111111111111111111111111111111111111112,1.158e-05,7LSsEoJGhLeZzGvDofTdNg7M3JttxQqGWNLo6vWMpump,24109.294269002974
JD38n7ynKYcgPpF7k1BhXEeREu1KqptU93fVGy3S624k,SWAP,PUMP_FUN,5h1orqHUPSHKHzvwtYUj37LyJF4gopJkTBc34rxAmeScH7XrXwP6PoFJQPXBpPVqtgNvMRkNcQjCBKW92igFb7bt,2025-04-12 14:42:19,So11111111111111111111111111111111111111112,2.8238e-05,7LSsEoJGhLeZzGvDofTdNg7M3JttxQqGWNLo6vWMpump,25117.099371999502
JD38n7ynKYcgPpF7k1BhXEeREu1KqptU93fVGy3S624k,SWAP,PUMP_FUN,3Bpm1twMHkLqXvoGhyrBgScp473vi7ajredNhwf1TuQ8SybRF1uRtiAecHvp5vGhQbv7B6cdTLEoursuHbLwrYrq,2025-04-12 14:43:18,So11111111111111111111111111111111111111112,0.002012542,7LSsEoJGhLeZzGvDofTdNg7M3JttxQqGWNLo6vWMpump,25066.66522499919
JD38n7ynKYcgPpF7k1BhXEeREu1KqptU93fVGy3S624k,SWAP,PUMP_FUN,5qtQgPrCaE8M9crwTuoQXkZiWzGxRDdVgnVQSTJruL9qTdR6QvimVLkmJicQhFDQLtTeNTgakcGkshnaxr6WPBRQ,2025-04-12 14:44:18,So11111111111111111111111111111111111111112,0.00201254,7LSsEoJGhLeZzGvDofTdNg7M3JttxQqGWNLo6vWMpump,24900.94699600339
JD38n7ynKYcgPpF7k1BhXEeREu1KqptU93fVGy3S624k,SWAP,PUMP_FUN,db3aK9dXrsH2ctgci7JChu4ncAsR24WoctYX3HE9Ca54omsXudiC8sBGReLMzDr1VmZ5LyH8GbgbEoGdpv355NH,2025-04-12 14:45:16,So11111111111111111111111111111111111111112,2.8238e-05,7LSsEoJGhLeZzGvDofTdNg7M3JttxQqGWNLo6vWMpump,24960.02233400196
JD38n7ynKYcgPpF7k1BhXEeREu1KqptU93fVGy3S624k,SWAP,PUMP_FUN,5tLS1casHpW1ieyHW8FAweWrZrrLGyZ9DFk8gxAgbKn8to6LVZ1A2GWqkkFqccVJMLf2u9VVUxtS5LnpjdahCLee,2025-04-12 14:46:09,So11111111111111111111111111111111111111112,0.00201254,7LSsEoJGhLeZzGvDofTdNg7M3JttxQqGWNLo6vWMpump,25518.27687999606
JD25qVdtd65FoiXNmR89JjmoJdYk9sjYQeSTZAALFiMy,SWAP,PUMP_FUN,2YRwRSbY23SC9dz8PEsNQP4kP11QNp95sBLdN8d6LkWbgu7mUfB4gKjTpUA76qsuVn8MtErmFCctnzhLhnWHHQbt,2025-04-12 14:47:14,So11111111111111111111111111111111111111112,2.7022e-05,7LSsEoJGhLeZzGvDofTdNg7M3JttxQqGWNLo6vWMpump,25885.561889000237
JD1dHSqYkrXvqUVL8s6gzL1yB7kpYymsHfwsGxgwp55h,SWAP,PUMP_FUN,3E5cSv5fXQz9ps7fLWQAAuBGEBqLNZSGXj8VWPkTNrLSoyb7Et9yzbqt4Xys1gNSmDkRGSVuDsQkrUtQP6AmBiEf,2025-04-12 14:48:11,So11111111111111111111111111111111111111112,8.606e-06,7LSsEoJGhLeZzGvDofTdNg7M3JttxQqGWNLo6vWMpump,25766.322788998485
JD1dHSqYkrXvqUVL8s6gzL1yB7kpYymsHfwsGxgwp55h,SWAP,PUMP_FUN,5dkrSsHkfNMdVFXumfKKF14DQZMU4tPRDpK4pNArcDrFY1iwCgGiXY6fERMSGFUkAaXT5Nhk6KZTwLherVvp6fwc,2025-04-12 14:49:08,So11111111111111111111111111111111111111112,3.5322e-05,7LSsEoJGhLeZzGvDofTdNg7M3JttxQqGWNLo6vWMpump,26609.250474996865
JD1dHSqYkrXvqUVL8s6gzL1yB7kpYymsHfwsGxgwp55h,SWAP,JUPITER,51F7BS2rGGBfWhmZqsvCBy9768Y3BFGvB7grNidFsTSsgNXyAPTH769NmUYM77YXzsLqu4uwiWStQsHi56UmYgNN,2025-04-12 14:50:10,So11111111111111111111111111111111111111112,0.555555556,7LSsEoJGhLeZzGvDofTdNg7M3JttxQqGWNLo6vWMpump,26335.733687
JD25qVdtd65FoiXNmR89JjmoJdYk9sjYQeSTZAALFiMy,SWAP,JUPITER,3gDcNWDn7XTTqckDhJZuppi8ekLgDCZPrx1DZPryxMd2pJEDwviQnYAbNpQjRZx7swJEYRud5tFL5T5ACWhMTB3N,2025-04-12 14:51:11,So11111111111111111111111111111111111111112,0.555555556,7LSsEoJGhLeZzGvDofTdNg7M3JttxQqGWNLo6vWMpump,26335.733687
JD1dHSqYkrXvqUVL8s6gzL1yB7kpYymsHfwsGxgwp55h,SWAP,PUMP_FUN,3q7E9NfMamaYPNeamn7BhCNSbHC2TwRX27CEAZck2XxQRvnC6St3aTSL3WpKhWKtEFyETVrwxyZnCk3hAP6v1C1K,2025-04-12 14:52:09,So11111111111111111111111111111111111111112,1.4111e-05,7LSsEoJGhLeZzGvDofTdNg7M3JttxQqGWNLo6vWMpump,26809.046294994652
JD1dHSqYkrXvqUVL8s6gzL1yB7kpYymsHfwsGxgwp55h,SWAP,PUMP_FUN,58SfSpfGTRZJGyvF8RLGbgGXcMKAdyLEGkzWpkKawF8qKqS6zbkLSm3bzjcoaZuATZBwMuRrp4CBLvy4nVzMRCwY,2025-04-12 14:53:11,So11111111111111111111111111111111111111112,1.015e-05,7LSsEoJGhLeZzGvDofTdNg7M3JttxQqGWNLo6vWMpump,27197.1584199965
JD1dHSqYkrXvqUVL8s6gzL1yB7kpYymsHfwsGxgwp55h,SWAP,PUMP_FUN,5VP4UVjkYKtKpyeeS9jdcGfySdivCCnoDEr69Z6UtCHTj1xYzFr3dLFfkiN9VLr6ZVu4CTRVxHAiRme7nwpeAkSs,2025-04-12 14:54:08,So11111111111111111111111111111111111111112,8.641e-06,7LSsEoJGhLeZzGvDofTdNg7M3JttxQqGWNLo6vWMpump,27518.75800099969
JD1dHSqYkrXvqUVL8s6gzL1yB7kpYymsHfwsGxgwp55h,SWAP,JUPITER,n6azQpCKwpeZxYsqqu8rWrpLTewUzLSjTLPwH5YbD4eAm5UY8F2mqD8MJ6U3vGckW42wks8ESikY3g8xf6mPk8K,2025-04-12 14:55:17,So11111111111111111111111111111111111111112,0.555555556,7LSsEoJGhLeZzGvDofTdNg7M3JttxQqGWNLo6vWMpump,26815.936375
JD1dHSqYkrXvqUVL8s6gzL1yB7kpYymsHfwsGxgwp55h,SWAP,PUMP_FUN,3Auxw7K43v6EshGRK6FvSZ8RFsdRiq9wUF3VVzNorGV4EDsiGiRMqfMkZ5bRRez7mjcDLg4FLG2wkNQeLbypNYeF,2025-04-12 14:56:09,So11111111111111111111111111111111111111112,1.121e-05,7LSsEoJGhLeZzGvDofTdNg7M3JttxQqGWNLo6vWMpump,26606.12882399559
JD25qVdtd65FoiXNmR89JjmoJdYk9sjYQeSTZAALFiMy,SWAP,PUMP_FUN,4TkrcsGZuizMwVSk5Z5mjQWUQRm3oas7Q7LtUgKjHHyJLRbUBtDJiPNFscyWaNnttqKwzEf7estsAingmXsFy88U,2025-04-12 14:57:10,So11111111111111111111111111111111111111112,0.002013756,7LSsEoJGhLeZzGvDofTdNg7M3JttxQqGWNLo6vWMpump,26676.59364400059
JD1dHSqYkrXvqUVL8s6gzL1yB7kpYymsHfwsGxgwp55h,SWAP,PUMP_FUN,4QrmpR3KA4Yqvjrme5kDsGDWYBKn7YRSMXy6XEn3sHr5SzxLwsr1DWF9KkaMNbkKUAHMGRGhe4u9kP9PFzu6sdAF,2025-04-12 14:58:10,So11111111111111111111111111111111111111112,8.785e-06,7LSsEoJGhLeZzGvDofTdNg7M3JttxQqGWNLo6vWMpump,26452.85361599922
JD1dHSqYkrXvqUVL8s6gzL1yB7kpYymsHfwsGxgwp55h,SWAP,PUMP_FUN,RCXgtzwp29dT3b43Km4SpQfgi9vSCQW9JimpHhCy2GTHP5GzuUkPg3e1PSzYgXSWxmZmo5N2QeC9Q3sKmYdrxcS,2025-04-12 14:59:13,So11111111111111111111111111111111111111112,1.0909e-05,7LSsEoJGhLeZzGvDofTdNg7M3JttxQqGWNLo6vWMpump,26374.329763002694
JD38n7ynKYcgPpF7k1BhXEeREu1KqptU93fVGy3S624k,SWAP,PUMP_FUN,2XHaGkHVwpUbDEfAgJdpVy5VL2CDK67hKhCAKdKFrMVuCPJCgBYBuKJEMuHvgS38qphbjRwztVfx4HY2KFUha8Jm,2025-04-12 15:00:15,So11111111111111111111111111111111111111112,2.8238e-05,7LSsEoJGhLeZzGvDofTdNg7M3JttxQqGWNLo6vWMpump,26204.062870003283
JD25qVdtd65FoiXNmR89JjmoJdYk9sjYQeSTZAALFiMy,SWAP,JUPITER,2tU411M8MduFpuuG8o8A86hpMyYVVF6f3iwUxagR9tpJHEuRSTkL3YVbu2sMdHKHRjywZzowcQ1jpM62A55yVjw6,2025-04-12 15:01:14,So11111111111111111111111111111111111111112,0.555555556,7LSsEoJGhLeZzGvDofTdNg7M3JttxQqGWNLo6vWMpump,26092.896502
JD25qVdtd65FoiXNmR89JjmoJdYk9sjYQeSTZAALFiMy,SWAP,PUMP_FUN,4RXBDiVk8akj5NjkZrVEssJ8v7LK4zcughKYUgGWqRjHnRwiJcq3DuD8Va28pRr1A1dXZXXE5DcHFeu3briodLqP,2025-04-12 15:02:12,So11111111111111111111111111111111111111112,2.7316e-05,7LSsEoJGhLeZzGvDofTdNg7M3JttxQqGWNLo6vWMpump,26429.736287996173
JD38n7ynKYcgPpF7k1BhXEeREu1KqptU93fVGy3S624k,SWAP,JUPITER,2EaXyWVWd7XqSqZfUmns79v6CTpzwaajnDjc4HQEE9s18WpotXCTTP4yk4ty98dutkNFsdUwq6dCCjcE4riBSXbu,2025-04-12 15:03:14,So11111111111111111111111111111111111111112,0.555555556,7LSsEoJGhLeZzGvDofTdNg7M3JttxQqGWNLo6vWMpump,26335.733687
JD38n7ynKYcgPpF7k1BhXEeREu1KqptU93fVGy3S624k,SWAP,JUPITER,262bCfQQDgvaKP4wBpuE6xVTiGry4vauA7kcqW4w1T1Ngjff5uabNwWy332VowFm6AngiAsNd16biJ8hRDDAiaDp,2025-04-12 15:04:11,So11111111111111111111111111111111111111112,0.555555556,7LSsEoJGhLeZzGvDofTdNg7M3JttxQqGWNLo6vWMpump,26335.733687
JD25qVdtd65FoiXNmR89JjmoJdYk9sjYQeSTZAALFiMy,SWAP,JUPITER,4jyJyPm9NFEk24iXTZAZAyoGZeDb45rku4a6UUrf7tUgpT9bG2YM52VE1iJprgvuDukVHtyb5xTKQgWuwC5BXdQq,2025-04-12 15:05:10,So11111111111111111111111111111111111111112,0.555555556,7LSsEoJGhLeZzGvDofTdNg7M3JttxQqGWNLo6vWMpump,26335.733687
JD1dHSqYkrXvqUVL8s6gzL1yB7kpYymsHfwsGxgwp55h,SWAP,PUMP_FUN,5b1opdkxkmAE37iQmVBqWFh3HgHskgiK2rfUNjMNnBbv8pnBJ5ufH4f4g3xJiq1R7Y76PxPUu3VRkwBeworJuY6t,2025-04-12 15:06:14,So11111111111111111111111111111111111111112,9.273e-06,7LSsEoJGhLeZzGvDofTdNg7M3JttxQqGWNLo6vWMpump,26598.29555799812
JD1dHSqYkrXvqUVL8s6gzL1yB7kpYymsHfwsGxgwp55h,SWAP,PUMP_FUN,2gMsaRuJEfudP42r3RHASXDDs9iERVmLk4KPdWFxkrL6p5Adx92QWhMJeXcKtbq7Yu631vusxzSi8dSgxoqLfqKM,2025-04-12 15:07:17,So11111111111111111111111111111111111111112,7.104e-06,7LSsEoJGhLeZzGvDofTdNg7M3JttxQqGWNLo6vWMpump,26697.9712959975
JD25qVdtd65FoiXNmR89JjmoJdYk9sjYQeSTZAALFiMy,SWAP,PUMP_FUN,4WxQXUaTWpcGRDwxs1VKV3EeeLJo8mVfKmMBzcUj3obXmFEAHQNiY4UycPKwCAKovkpdCYK9Vw2B3qPk8sPd3PGv,2025-04-12 15:08:08,So11111111111111111111111111111111111111112,2.7023e-05,7LSsEoJGhLeZzGvDofTdNg7M3JttxQqGWNLo6vWMpump,26800.875518999994
JD1dHSqYkrXvqUVL8s6gzL1yB7kpYymsHfwsGxgwp55h,SWAP,PUMP_FUN,24u95yy3T9r7YvFTc5UJfBfN7BWmmhiMeKRqPFbnsb15hmVKuKG3T5KCPboxSDoZL9GDjoc6FsRWmmo279RXrSEH,2025-04-12 15:09:17,So11111111111111111111111111111111111111112,1.1694e-05,7LSsEoJGhLeZzGvDofTdNg7M3JttxQqGWNLo6vWMpump,26999.640660002828
JD1dHSqYkrXvqUVL8s6gzL1yB7kpYymsHfwsGxgwp55h,SWAP,PUMP_FUN,5g27YDeBbqL5PFzRPNN8fYTTvHA2EX59c4PZdf6k18AR64hBVvAabPLT9AUYumTQCyozu651mDdW23XvqUyCD6qW,2025-04-12 15:10:13,So11111111111111111111111111111111111111112,1.2894e-05,7LSsEoJGhLeZzGvDofTdNg7M3JttxQqGWNLo6vWMpump,26935.434776999056
JD1dHSqYkrXvqUVL8s6gzL1yB7kpYymsHfwsGxgwp55h,SWAP,PUMP_FUN,4uZ87u7SZTKCttCi1LL1en7EbrgF9aGjq49qzUZ2ZR52BjBEXhZBoepMV3TgUfxRbrVpPYUpz82zdgfwF7ZKHhrg,2025-04-12 15:11:09,So11111111111111111111111111111111111111112,1.0658e-05,7LSsEoJGhLeZzGvDofTdNg7M3JttxQqGWNLo6vWMpump,26769.89618500322
JD1dHSqYkrXvqUVL8s6gzL1yB7kpYymsHfwsGxgwp55h,SWAP,PUMP_FUN,2wYpLtgjRVRsSMmoxDveM1B4Y4dwZjYdnbenURba9sqBFhR6sZpLZAEzoAcg6YdqCDzowThwJJx2xxUqKzYtxmQu,2025-04-12 15:12:11,So11111111111111111111111111111111111111112,1.1838e-05,7LSsEoJGhLeZzGvDofTdNg7M3JttxQqGWNLo6vWMpump,26754.613920003176
JD25qVdtd65FoiXNmR89JjmoJdYk9sjYQeSTZAALFiMy,SWAP,PUMP_FUN,223fR2CW2hXr9nc35EjW1zUmy8c8J9dtk8Ri5uvWGtmMzDNDDcQzABGTcAzYo4SKaawEAAMBS45uJbKJKvrX9inC,2025-04-12 15:13:12,So11111111111111111111111111111111111111112,2.7022e-05,7LSsEoJGhLeZzGvDofTdNg7M3JttxQqGWNLo6vWMpump,27013.30065999925
JD1dHSqYkrXvqUVL8s6gzL1yB7kpYymsHfwsGxgwp55h,SWAP,PUMP_FUN,2xpVbDLNx1sdYGHf6gHKnK6TxvgwRPc4Z8ddjw1uxdC6Px7k8Ni5noyRw8v2xc6MuoiwBjqkpdrHLNvUPrR41Wsv,2025-04-12 15:14:10,So11111111111111111111111111111111111111112,1.3134e-05,7LSsEoJGhLeZzGvDofTdNg7M3JttxQqGWNLo6vWMpump,26753.765978999436
JD1dHSqYkrXvqUVL8s6gzL1yB7kpYymsHfwsGxgwp55h,SWAP,JUPITER,4VirvJY9Q2zP2ddWEiBVXJS2B964K5D6VuDEyHb7sfTYrAd8w7B2yacYTi8ESJodSsijpxBFN6bfgGbv4nzH8aNg,2025-04-12 15:15:12,So11111111111111111111111111111111111111112,0.555555556,7LSsEoJGhLeZzGvDofTdNg7M3JttxQqGWNLo6vWMpump,26644.725113
JD1dHSqYkrXvqUVL8s6gzL1yB7kpYymsHfwsGxgwp55h,SWAP,JUPITER,XKbMhgFhcTRadr2cxGewUgS81vr6K7zoyD1Mvmb48gtJh6j2se1oNd9sVgeuyP6tpNdxorQqF7VeEMKASPK2PhN,2025-04-12 15:16:09,So11111111111111111111111111111111111111112,0.555555556,7LSsEoJGhLeZzGvDofTdNg7M3JttxQqGWNLo6vWMpump,26385.42603
JD1dHSqYkrXvqUVL8s6gzL1yB7kpYymsHfwsGxgwp55h,SWAP,PUMP_FUN,2p9SPVoHrUrJBkUxP1hm6Fm3uMimAfVKpWrU48uDEhFLUWuamSuhRxLs7SwSNVTvXe1FHS21WtMTd61xjE2kv34y,2025-04-12 15:17:11,So11111111111111111111111111111111111111112,1.1406e-05,7LSsEoJGhLeZzGvDofTdNg7M3JttxQqGWNLo6vWMpump,26340.27592600137
JD1dHSqYkrXvqUVL8s6gzL1yB7kpYymsHfwsGxgwp55h,SWAP,PUMP_FUN,3ne5xDmDfq1fqtqXpqNp5VEd1A3vwqttT6nbqCmRvUCVCuM5HFxJMAKWDvLQaRRZfeZBDcQ7pTdTbtJapHcGgmsb,2025-04-12 15:18:09,So11111111111111111111111111111111111111112,1.3441e-05,7LSsEoJGhLeZzGvDofTdNg7M3JttxQqGWNLo6vWMpump,26309.914237000048
JD38n7ynKYcgPpF7k1BhXEeREu1KqptU93fVGy3S624k,SWAP,PUMP_FUN,p5MjEfAA9L4kcW36ZGS8fjb85zHgNbtp9Qunh2RDzG4bRisch4efJ7JZgLhziqHEsg4qqziXRxHjeRBF41wiBA7,2025-04-12 15:19:07,So11111111111111111111111111111111111111112,2.8235e-05,7LSsEoJGhLeZzGvDofTdNg7M3JttxQqGWNLo6vWMpump,25978.022936999798
JD1dHSqYkrXvqUVL8s6gzL1yB7kpYymsHfwsGxgwp55h,SWAP,PUMP_FUN,5weSnp1ukn7pkuCLg2ra9L7267Us2tL9ULF7nHtwYJqLfEpGJ6N2vDNMJjeVT8gvB5tCEngM8Gfeor3xMeH8J6zQ,2025-04-12 15:20:16,So11111111111111111111111111111111111111112,2.9839e-05,7LSsEoJGhLeZzGvDofTdNg7M3JttxQqGWNLo6vWMpump,26008.760963998735
JD1dHSqYkrXvqUVL8s6gzL1yB7kpYymsHfwsGxgwp55h,SWAP,PUMP_FUN,2eepFvYWUucSkjnWhgvGGmWiYZkfGXgjm3wJcBADA38UzWCBmv4aMa1u563FHvDpwuwrEEGJuvaajLPmEQdQYLs6,2025-04-12 15:21:09,So11111111111111111111111111111111111111112,1.7148e-05,7LSsEoJGhLeZzGvDofTdNg7M3JttxQqGWNLo6vWMpump,26105.595222003758
JD1dHSqYkrXvqUVL8s6gzL1yB7kpYymsHfwsGxgwp55h,SWAP,PUMP_FUN,5C54B1Yk8NDtnHmzS2sgMKiwwngPtfB21iY1NH41gfStJ1BQqoxwQEPCzyWjP2GjRDinmcgWvfrvRjFSKxHTQTwk,2025-04-12 15:22:11,So11111111111111111111111111111111111111112,2.6347e-05,7LSsEoJGhLeZzGvDofTdNg7M3JttxQqGWNLo6vWMpump,26163.195632994175
JD1dHSqYkrXvqUVL8s6gzL1yB7kpYymsHfwsGxgwp55h,SWAP,PUMP_FUN,4AkCYWYg1mMRfCvXMsY1212gFmdE4TGcfR7djFGaEMBQ8QEKTGK44ZoouaqCnCvZReojtfvVrZ8BcLvsbMrUv92V,2025-04-12 15:23:10,So11111111111111111111111111111111111111112,3.2707e-05,7LSsEoJGhLeZzGvDofTdNg7M3JttxQqGWNLo6vWMpump,26496.756802000105
JD1dHSqYkrXvqUVL8s6gzL1yB7kpYymsHfwsGxgwp55h,SWAP,PUMP_FUN,4FNWsg9YKFiBJ1Sms3AjqoqN8DUymxCJpW14vRYmJNqwwky9eMC8Jj1CEDJFLNDDxEDqDNKXX3kh2nsEnEh9s7A,2025-04-12 15:24:09,So11111111111111111111111111111111111111112,3.366e-05,7LSsEoJGhLeZzGvDofTdNg7M3JttxQqGWNLo6vWMpump,26155.331925995648
JD1dHSqYkrXvqUVL8s6gzL1yB7kpYymsHfwsGxgwp55h,SWAP,PUMP_FUN,3asrQSzMqRYAj4sTadvaezhDTN9w9PEzqbuFVCWhJAdmmH1u5NbgsR6J9i7FYaqRwNdJaxJBHdPbJNhDnbDCfUAM,2025-04-12 15:25:17,So11111111111111111111111111111111111111112,7.916e-06,7LSsEoJGhLeZzGvDofTdNg7M3JttxQqGWNLo6vWMpump,25936.340677000582
JD1dHSqYkrXvqUVL8s6gzL1yB7kpYymsHfwsGxgwp55h,SWAP,PUMP_FUN,61GbBvzNyYuoMvAo3NuYcYvFeKsXW5yxiMTUFrE92LWZfB1yA53dsDNpEtVmvMnDSyGWdhorM6ab7Tuc75aqF9vM,2025-04-12 15:26:12,So11111111111111111111111111111111111111112,2.4481e-05,7LSsEoJGhLeZzGvDofTdNg7M3JttxQqGWNLo6vWMpump,25721.005327999592
JD1dHSqYkrXvqUVL8s6gzL1yB7kpYymsHfwsGxgwp55h,SWAP,PUMP_FUN,4QhJUaLyNZadybpNsH8mC67bKcWWsVFsNvUHyXLGziqwuG1WrFmWnwyYx2RhjC2J8qLhJLdMTByx1ytxG47wNfgs,2025-04-12 15:27:10,So11111111111111111111111111111111111111112,1.7284e-05,7LSsEoJGhLeZzGvDofTdNg7M3JttxQqGWNLo6vWMpump,25343.85109400004
JD1dHSqYkrXvqUVL8s6gzL1yB7kpYymsHfwsGxgwp55h,SWAP,PUMP_FUN,2gzieJW7AaRYtPg4SV4YuQEuxGQZWJCqp5KMLBpRoQ1h4H6a3rQaZj8rM8ZZdLCsHXSuHHeXR9cTfCRQyK8r6HYE,2025-04-12 15:28:10,So11111111111111111111111111111111111111112,1.0206e-05,7LSsEoJGhLeZzGvDofTdNg7M3JttxQqGWNLo6vWMpump,25513.896467998624
JD1dHSqYkrXvqUVL8s6gzL1yB7kpYymsHfwsGxgwp55h,SWAP,PUMP_FUN,613Rg3qpi7twZQYk4nzbVbNdJzR52ViDwXGQyXNwcnAkrpgheRUrhZL5s2HcXRoB3DxizvnrXUiB1tSocSnvdqBp,2025-04-12 15:29:13,So11111111111111111111111111111111111111112,1.0733e-05,7LSsEoJGhLeZzGvDofTdNg7M3JttxQqGWNLo6vWMpump,25684.294785000384
JD38n7ynKYcgPpF7k1BhXEeREu1KqptU93fVGy3S624k,SWAP,PUMP_FUN,5qMTo6p7zm67CtUYsfGshTVZcA9TBU7Z1Tsw5qEfqk8J7paD22KWRqTF538bJpoX3c9azdwQksx3CV5cdx5F14eS,2025-04-12 15:30:12,So11111111111111111111111111111111111111112,0.002012537,7LSsEoJGhLeZzGvDofTdNg7M3JttxQqGWNLo6vWMpump,25727.89790200442
JD1dHSqYkrXvqUVL8s6gzL1yB7kpYymsHfwsGxgwp55h,SWAP,PUMP_FUN,gfGp5uM1SHhPYgP4kwT95s7hparVmmNts56hoou5QSZR63B8dLrsbt1XFLu5uJNtB6Rh6ehPzYLnDhiPXmdaBdD,2025-04-12 15:31:10,So11111111111111111111111111111111111111112,2.598e-05,7LSsEoJGhLeZzGvDofTdNg7M3JttxQqGWNLo6vWMpump,25527.750752002
JD25qVdtd65FoiXNmR89JjmoJdYk9sjYQeSTZAALFiMy,SWAP,JUPITER,4yuEVdm3EpkUEQR2Nsktr87XLyLraizfxzDBXGqrardpf73TuQEdx1ahpRXwHabgm1Aeht65yksETCdqWg36Aiqe,2025-04-12 15:32:11,So11111111111111111111111111111111111111112,0.555555556,7LSsEoJGhLeZzGvDofTdNg7M3JttxQqGWNLo6vWMpump,25354.062151
JD25qVdtd65FoiXNmR89JjmoJdYk9sjYQeSTZAALFiMy,SWAP,PUMP_FUN,5kccHYMyJo62w7aHhiunvTF9nmuEmHu7KuRbPqhsXNEUwxicPwdBR9UqkMrbtHZhtNmQiDwpcnx5E2i3AtkyYJAb,2025-04-12 15:33:10,So11111111111111111111111111111111111111112,0.002012261,7LSsEoJGhLeZzGvDofTdNg7M3JttxQqGWNLo6vWMpump,25355.210079997778
JD1dHSqYkrXvqUVL8s6gzL1yB7kpYymsHfwsGxgwp55h,SWAP,PUMP_FUN,5jiRbPGt4ttak32DbaWq2RwowUnU1WbEs72dQnGMnmkqfCxd2v87SKcLFNeXjf2qgWAMei9cCvjtjTGWwHCuLSG5,2025-04-12 15:34:10,So11111111111111111111111111111111111111112,1.8885e-05,7LSsEoJGhLeZzGvDofTdNg7M3JttxQqGWNLo6vWMpump,25215.735752999783
JD1dHSqYkrXvqUVL8s6gzL1yB7kpYymsHfwsGxgwp55h,SWAP,PUMP_FUN,nxDrZbD6YNnBkoiYSupEn7G2S5aMyoX4MtnysdPw8A2BfauY6s3KuYTG475u7cAMQseJELSV31g4aCPXmKiZ6RF,2025-04-12 15:35:10,So11111111111111111111111111111111111111112,1.6515e-05,7LSsEoJGhLeZzGvDofTdNg7M3JttxQqGWNLo6vWMpump,25112.462213002145
JD1dHSqYkrXvqUVL8s6gzL1yB7kpYymsHfwsGxgwp55h,SWAP,PUMP_FUN,5zBZWpYZgupUVB9uhoFGRom4XK7qWfAbFCJgvqaq5zrkAefozrSyu7MhsQqiYKtVGLyKpSb64DxfH1FtixdDjqn2,2025-04-12 15:36:11,So11111111111111111111111111111111111111112,1.2062e-05,7LSsEoJGhLeZzGvDofTdNg7M3JttxQqGWNLo6vWMpump,25174.282801002264
JD1dHSqYkrXvqUVL8s6gzL1yB7kpYymsHfwsGxgwp55h,SWAP,PUMP_FUN,3U4BY4KiujGgTnmN1jDfjjf37f6g6ToA4K7XJtqJe8Sq1rYCkPRTP4z8CsG3je2ChFkCptJfRqhAg1vJJLNNiPkU,2025-04-12 15:37:09,So11111111111111111111111111111111111111112,1.5442e-05,7LSsEoJGhLeZzGvDofTdNg7M3JttxQqGWNLo6vWMpump,25226.221856996417
JD1dHSqYkrXvqUVL8s6gzL1yB7kpYymsHfwsGxgwp55h,SWAP,PUMP_FUN,2oPAVtY6R4cVJJeHuiabrSTEyRpSyZb97pRXBVp2gDSgPtimXWDZEDapAsFRYj6cDKFXDN6mZcuWguV7FZxHd6s6,2025-04-12 15:38:09,So11111111111111111111111111111111111111112,1.3276e-05,7LSsEoJGhLeZzGvDofTdNg7M3JttxQqGWNLo6vWMpump,25019.992069996893
JD1dHSqYkrXvqUVL8s6gzL1yB7kpYymsHfwsGxgwp55h,SWAP,PUMP_FUN,2pZA4mkyQJZWb8WqZ3HKGqdAjhQDkEeA677kBXwBqPezbDLk2DW9swdppWe878sKwFRzdmWTZXVn9Wm5jd3gAuML,2025-04-12 15:39:14,So11111111111111111111111111111111111111112,9.883e-06,7LSsEoJGhLeZzGvDofTdNg7M3JttxQqGWNLo6vWMpump,24166.095026999712
JD25qVdtd65FoiXNmR89JjmoJdYk9sjYQeSTZAALFiMy,SWAP,JUPITER,4F3oXUktU2uDTdkXaW31qUkw8bVKnd37r7qRVwrgVdprtyeKykbsiLk4AtSkvtdRsnuj35zrFzpGQ4q5P8o74hAE,2025-04-12 15:40:15,So11111111111111111111111111111111111111112,0.555555556,7LSsEoJGhLeZzGvDofTdNg7M3JttxQqGWNLo6vWMpump,23821.753576
JD25qVdtd65FoiXNmR89JjmoJdYk9sjYQeSTZAALFiMy,SWAP,PUMP_FUN,8Hs7Wv4zubejazxJbaivrEofN2ivc6ZbzwERbiLvT2L5bs72BQurvRoh3iuDD1zRAWEXKAWJeKtPP5iq9rsaV67,2025-04-12 15:41:08,So11111111111111111111111111111111111111112,0.002013752,7LSsEoJGhLeZzGvDofTdNg7M3JttxQqGWNLo6vWMpump,23397.56195999682
JD25qVdtd65FoiXNmR89JjmoJdYk9sjYQeSTZAALFiMy,SWAP,PUMP_FUN,2GJkwPdv25kMEDV8JtvxKq9RvoccQjL9V86F5D9kYuPhyzJ7MJKf6wqFfbDBJXZZbnM2AzBZ524P966AWRaPRktv,2025-04-12 15:42:15,So11111111111111111111111111111111111111112,0.002013755,7LSsEoJGhLeZzGvDofTdNg7M3JttxQqGWNLo6vWMpump,23566.237037993968
JD25qVdtd65FoiXNmR89JjmoJdYk9sjYQeSTZAALFiMy,SWAP,PUMP_FUN,4dmavM6zcTSmsL3yKtebjFRiu3bEoTxSDCicRcxHL82Ju1UuYevhHE5xW8tkQA3rTsKUguJXG2JRtVkb761fGf4C,2025-04-12 15:43:13,So11111111111111111111111111111111111111112,2.7025e-05,7LSsEoJGhLeZzGvDofTdNg7M3JttxQqGWNLo6vWMpump,23869.884326003492
JD25qVdtd65FoiXNmR89JjmoJdYk9sjYQeSTZAALFiMy,SWAP,PUMP_FUN,6qeFtnCFy1QXRjiZ3X1UrmbNwnX8omh1yo5kPL5y75s1oD4vh6AxBcB8EYt8YzJaa5egRZZkE696VF4LJ57GA4V,2025-04-12 15:44:12,So11111111111111111111111111111111111111112,2.7025e-05,7LSsEoJGhLeZzGvDofTdNg7M3JttxQqGWNLo6vWMpump,23707.887367993593
JD38n7ynKYcgPpF7k1BhXEeREu1KqptU93fVGy3S624k,SWAP,PUMP_FUN,bnu1vUU2a1X8h9GRFKsATyuZaGbED77C3JsDQmnhj71HzWEVqABRGP2c92oSV3F2Xkg6Umyz972MbUybGWemKBs,2025-04-12 15:45:11,So11111111111111111111111111111111111111112,2.8235e-05,7LSsEoJGhLeZzGvDofTdNg7M3JttxQqGWNLo6vWMpump,24270.51298200339
JD25qVdtd65FoiXNmR89JjmoJdYk9sjYQeSTZAALFiMy,SWAP,PUMP_FUN,twjG4Xijf21Vuj1CwfevScbe6jhaYqPhRsZfUxBewCp2KvTWnEN8uwsLmW7Taa9GSGCAgFNC5puVEMsGRs787gh,2025-04-12 15:46:10,So11111111111111111111111111111111111111112,2.7022e-05,7LSsEoJGhLeZzGvDofTdNg7M3JttxQqGWNLo6vWMpump,23937.558772996068
JD25qVdtd65FoiXNmR89JjmoJdYk9sjYQeSTZAALFiMy,SWAP,PUMP_FUN,3FfdtoXLAGM21xLqWHspX5mXdEyeKEeTd58HDpnLtxdE3rtif6fuQsqUUiwyD8bc3VJemThCbqVpa3DY24w2x2Aq,2025-04-12 15:47:11,So11111111111111111111111111111111111111112,0.002013755,7LSsEoJGhLeZzGvDofTdNg7M3JttxQqGWNLo6vWMpump,24650.41685899347
JD1dHSqYkrXvqUVL8s6gzL1yB7kpYymsHfwsGxgwp55h,SWAP,JUPITER,4wchGpwFJ7Fs2UGomFf4Y82YbRXfmXKutwE9bxD46QtG3ZLRTWuz293qHs6yQWyeJemocAR5GL1TykVjFUZDv6RW,2025-04-12 15:48:11,So11111111111111111111111111111111111111112,0.555555556,7LSsEoJGhLeZzGvDofTdNg7M3JttxQqGWNLo6vWMpump,23821.75366
JD1dHSqYkrXvqUVL8s6gzL1yB7kpYymsHfwsGxgwp55h,SWAP,PUMP_FUN,2wbr7mCyzpkRXyMB6jn1mv83RHfmPDLv2VPtXHXKfVMs4KkTgJxMQkWseb2L4aHE8fPPwJ3N5ihaWDzvWVrbAcwz,2025-04-12 15:49:13,So11111111111111111111111111111111111111112,1.5163e-05,7LSsEoJGhLeZzGvDofTdNg7M3JttxQqGWNLo6vWMpump,23907.41422200203
JD1dHSqYkrXvqUVL8s6gzL1yB7kpYymsHfwsGxgwp55h,SWAP,PUMP_FUN,2ghUAMRpMrKSmXNTkaCzxPQUovky66hmigM4KDrcd8uGfEjfyV9rytSGBtNQKHpgqkjgFRncNNC7pEhhJ2NQzY7X,2025-04-12 15:50:09,So11111111111111111111111111111111111111112,1.619e-05,7LSsEoJGhLeZzGvDofTdNg7M3JttxQqGWNLo6vWMpump,23545.965011000633
JD1dHSqYkrXvqUVL8s6gzL1yB7kpYymsHfwsGxgwp55h,SWAP,PUMP_FUN,615ZmSRTuLZfcV4gJ9TUpbpsD9EjzKChQCdp4aWiexf4AAiirBqQKmDkBov2y6gjmyPRruz58h11RBgqu8MXgVyt,2025-04-12 15:51:11,So11111111111111111111111111111111111111112,1.5474e-05,7LSsEoJGhLeZzGvDofTdNg7M3JttxQqGWNLo6vWMpump,23481.047630004585
JD25qVdtd65FoiXNmR89JjmoJdYk9sjYQeSTZAALFiMy,SWAP,PUMP_FUN,vetHw6w4QQWEcQNM5bixMWDDVPr3K7VeQJQkbc2nrkf8iA9XJS3jnfEZPqZakgGHNybCUK6ZFwDPhCMyjc3gZkk,2025-04-12 15:52:17,So11111111111111111111111111111111111111112,2.7022e-05,7LSsEoJGhLeZzGvDofTdNg7M3JttxQqGWNLo6vWMpump,23430.831753000617
JD1dHSqYkrXvqUVL8s6gzL1yB7kpYymsHfwsGxgwp55h,SWAP,PUMP_FUN,65cuhphVgHwThdM3YwaAULSEcwTMUZF4iV73PuHx1Z75ThqUD3JeQrNThCFK3kibpdjdEYNe1xtHYoZG33wrB11c,2025-04-12 15:53:10,So11111111111111111111111111111111111111112,1.0084e-05,7LSsEoJGhLeZzGvDofTdNg7M3JttxQqGWNLo6vWMpump,23613.16539300233
JD1dHSqYkrXvqUVL8s6gzL1yB7kpYymsHfwsGxgwp55h,SWAP,PUMP_FUN,4HxtWSwbRN4u7PVW3VsAFVu5hGB7RBiw98rNeWpibE8MQyna6KLi98uH6uxoj7VxQnuG4zKMvjbwT3tYVeJT6PRr,2025-04-12 15:54:12,So11111111111111111111111111111111111111112,1.3113e-05,7LSsEoJGhLeZzGvDofTdNg7M3JttxQqGWNLo6vWMpump,23471.63203600049
JD25qVdtd65FoiXNmR89JjmoJdYk9sjYQeSTZAALFiMy,SWAP,PUMP_FUN,36BPRdKXvpWJpYa7ksoKPRuj6h9xgrQ5wQTXkmJpe1sFDXdotCAfjXRFSbJpazcCZ68Wpdx8JYMpRDMk5Mg787BQ,2025-04-12 15:55:16,So11111111111111111111111111111111111111112,2.7022e-05,7LSsEoJGhLeZzGvDofTdNg7M3JttxQqGWNLo6vWMpump,23555.797114998102
JD1dHSqYkrXvqUVL8s6gzL1yB7kpYymsHfwsGxgwp55h,SWAP,PUMP_FUN,2GYr3Rh2i4fVudMo6dvdrYRnxQZi2HkKKqsBhiLaJ4GJb9GFvZ8V9EhPSMyjvuVEr19z1AsreoZCzJXt621QGJ1Z,2025-04-12 15:56:11,So11111111111111111111111111111111111111112,8.704e-06,7LSsEoJGhLeZzGvDofTdNg7M3JttxQqGWNLo6vWMpump,23598.986340999603
JD1dHSqYkrXvqUVL8s6gzL1yB7kpYymsHfwsGxgwp55h,SWAP,PUMP_FUN,5ZcicW2Qcun3JSvBxS6A6XSGedBQq2C9hDwBKAAMRcyXYshdG9XNR13tmrp4Y5dsM2DXzAbUaeP7X1RfqSwaGeeC,2025-04-12 15:57:09,So11111111111111111111111111111111111111112,1.1954e-05,7LSsEoJGhLeZzGvDofTdNg7M3JttxQqGWNLo6vWMpump,24023.530234999955
JD1dHSqYkrXvqUVL8s6gzL1yB7kpYymsHfwsGxgwp55h,SWAP,PUMP_FUN,HcidZMExtSL3a3m1dmPTDyoc4AXJck8A8wQFDc7PE5GkRLQHpsNGziwXr62yDWJSvnfD4cyaJXcYXkkXicrsaBg,2025-04-12 15:58:10,So11111111111111111111111111111111111111112,1.2554e-05,7LSsEoJGhLeZzGvDofTdNg7M3JttxQqGWNLo6vWMpump,24099.431130997837
JD1dHSqYkrXvqUVL8s6gzL1yB7kpYymsHfwsGxgwp55h,SWAP,PUMP_FUN,2iNEefHv9Rp3ZFnfd5x6hhDhPMWdv6cokfyK7oLgN7xsFup7nd1JnVLzLo4aseQuW2JHPbC3KFyinDTLraaWeJMj,2025-04-12 15:59:10,So11111111111111111111111111111111111111112,8.339e-06,7LSsEoJGhLeZzGvDofTdNg7M3JttxQqGWNLo6vWMpump,24081.342443995178
JD25qVdtd65FoiXNmR89JjmoJdYk9sjYQeSTZAALFiMy,SWAP,PUMP_FUN,4f5zcdvSSZ9FJsoUK14DKF7LU9szDQijhcoj34NFofdrmSjy5314Qp8JbYjpKjbHaKhxPfjv9fyy5gX5wDVpaGFm,2025-04-12 16:00:10,So11111111111111111111111111111111111111112,0.002013461,7LSsEoJGhLeZzGvDofTdNg7M3JttxQqGWNLo6vWMpump,24049.503911994398
JD1dHSqYkrXvqUVL8s6gzL1yB7kpYymsHfwsGxgwp55h,SWAP,PUMP_FUN,4aiDvenHq7miCuEdB8DKcnPeuKuvGXqUSyuvysWd5LhjxdEfSVJ292ytuddWW4ybUgBHcLimPV887FKHFxT8vkUm,2025-04-12 16:01:08,So11111111111111111111111111111111111111112,1.0164e-05,7LSsEoJGhLeZzGvDofTdNg7M3JttxQqGWNLo6vWMpump,24679.36735700071
JD1dHSqYkrXvqUVL8s6gzL1yB7kpYymsHfwsGxgwp55h,SWAP,PUMP_FUN,3s8RXZKzPtM8ixeyreACSwE7WVcVtmxH8PAxhHkypkK3CSoXrcWsBV4dvEq5544Tp4n9YD7QwZjgY9NeULfFF2uF,2025-04-12 16:02:10,So11111111111111111111111111111111111111112,2.293e-05,7LSsEoJGhLeZzGvDofTdNg7M3JttxQqGWNLo6vWMpump,24649.025346003473
JD1dHSqYkrXvqUVL8s6gzL1yB7kpYymsHfwsGxgwp55h,SWAP,PUMP_FUN,38a5JfB4TAHZtqAeZCzed3V1boeGDXqjMhx8vSwos1QmWHeUEiHgXo1wLYR53RPBeYad7zwozPD9KUGzQRZNBn2N,2025-04-12 16:03:11,So11111111111111111111111111111111111111112,2.1809e-05,7LSsEoJGhLeZzGvDofTdNg7M3JttxQqGWNLo6vWMpump,24667.709808006883
JD1dHSqYkrXvqUVL8s6gzL1yB7kpYymsHfwsGxgwp55h,SWAP,PUMP_FUN,2L7kFuviKcf9rGKUaMsNR3TDhbowGaoAFuUu2R55Ds9xQy4Jx4Cs5QE1X3AfMvgf1FnGuhd8Dv4TEeLKt8D8hSqq,2025-04-12 16:04:10,So11111111111111111111111111111111111111112,1.8899e-05,7LSsEoJGhLeZzGvDofTdNg7M3JttxQqGWNLo6vWMpump,24979.481686003506
JD1dHSqYkrXvqUVL8s6gzL1yB7kpYymsHfwsGxgwp55h,SWAP,PUMP_FUN,5cvPXWyZDh9UvKv26YxSGaTYUgdAJAor4TzDN5DNNgfh8xGxLrjhrprEihdCTQUb7sYmkjpRBqo43r4xv89UaEr5,2025-04-12 16:05:11,So11111111111111111111111111111111111111112,7.573e-06,7LSsEoJGhLeZzGvDofTdNg7M3JttxQqGWNLo6vWMpump,25092.736393995583
JD1dHSqYkrXvqUVL8s6gzL1yB7kpYymsHfwsGxgwp55h,SWAP,PUMP_FUN,tUSH5Zk379L7YfmBt9vHiZpTPMZCyj62tTAYbLn3XFGCAnLopBxgTjBHYQxSXTvqKMmCEK197HHXG3tiaiQz5SJ,2025-04-12 16:06:10,So11111111111111111111111111111111111111112,2.5047e-05,7LSsEoJGhLeZzGvDofTdNg7M3JttxQqGWNLo6vWMpump,24534.28548400104
JD1dHSqYkrXvqUVL8s6gzL1yB7kpYymsHfwsGxgwp55h,SWAP,JUPITER,3R9F41jBDKUpQdynj3SRAa3EheFRNKZoBBU3fstrZAw6GSfjSUw7HjymsJdabcUuAWXSX77NyUnaPA3BLwAsZhp5,2025-04-12 16:07:11,So11111111111111111111111111111111111111112,0.555555556,7LSsEoJGhLeZzGvDofTdNg7M3JttxQqGWNLo6vWMpump,24459.726301
JD38n7ynKYcgPpF7k1BhXEeREu1KqptU93fVGy3S624k,SWAP,JUPITER,5zFL6FU1x8wC5y3VYhasAV8nqTreWgQh8NvNzh9m5XUgJro4PYWdYgTLY8sR2ZrQ9oVgXN5191t6nPT1RcWCyFDG,2025-04-12 16:08:08,So11111111111111111111111111111111111111112,0.555555556,7LSsEoJGhLeZzGvDofTdNg7M3JttxQqGWNLo6vWMpump,24459.726301
JD1dHSqYkrXvqUVL8s6gzL1yB7kpYymsHfwsGxgwp55h,SWAP,PUMP_FUN,5btRJBeXJPbuXG3m98qykbRTQJUzNYDjXQz2W7eN5C9uq1t2Mj3voecUQLDptb7oZx5DfRHSUHcXVM8N1EhFCt9p,2025-04-12 16:09:10,So11111111111111111111111111111111111111112,1.5021e-05,7LSsEoJGhLeZzGvDofTdNg7M3JttxQqGWNLo6vWMpump,24427.658316001296
JD1dHSqYkrXvqUVL8s6gzL1yB7kpYymsHfwsGxgwp55h,SWAP,PUMP_FUN,59THXcUCf2yYaif65GQPGFQSBKMBQ2kpwTwQdYkQbDQA1DTohvv18JTGMk3EHKPeKy93FSjUWhcdZNWcF55fNEqh,2025-04-12 16:10:12,So11111111111111111111111111111111111111112,6.691e-06,7LSsEoJGhLeZzGvDofTdNg7M3JttxQqGWNLo6vWMpump,24448.320256002247
JD1dHSqYkrXvqUVL8s6gzL1yB7kpYymsHfwsGxgwp55h,SWAP,PUMP_FUN,3QeeVf1EFQNsGoDygAquQtrF6JP3vzdfZHLA4NZKdwN6BEkiBu92nRptgZjVyPioUwxZQ1MBDvMKwFeJJFtrDYgB,2025-04-12 16:11:10,So11111111111111111111111111111111111111112,8.992e-06,7LSsEoJGhLeZzGvDofTdNg7M3JttxQqGWNLo6vWMpump,25430.839471004903
JD1dHSqYkrXvqUVL8s6gzL1yB7kpYymsHfwsGxgwp55h,SWAP,PUMP_FUN,6R48qk3Wcbr4JctD51VJxsnn33hSh7BRFFgqJUh9BR9tu7QXbcN2EZjyaqYyLV6uoFj8PoqK6intLfUEz9hmSVK,2025-04-12 16:12:11,So11111111111111111111111111111111111111112,6.71e-06,7LSsEoJGhLeZzGvDofTdNg7M3JttxQqGWNLo6vWMpump,25354.431244000793
JD1dHSqYkrXvqUVL8s6gzL1yB7kpYymsHfwsGxgwp55h,SWAP,PUMP_FUN,5uuTcck3mCeTHDARHR5Gn8DfYPiCLjDDVp5QnvRny53URFVPtjxtooJu3cQ1BqNsCrb7cX4d6PF1ubp2Bu3mc8jE,2025-04-12 16:13:10,So11111111111111111111111111111111111111112,8.089e-06,7LSsEoJGhLeZzGvDofTdNg7M3JttxQqGWNLo6vWMpump,25315.690907001495
JD1dHSqYkrXvqUVL8s6gzL1yB7kpYymsHfwsGxgwp55h,SWAP,PUMP_FUN,4FC9aJ75kjhjT2rsubAtcjnecWBoHnKs9wEX5GgVbAMRhm8vLPDvmBp4avWUVTfWaJVUBwQTuGCESdfKm59QupJ7,2025-04-12 16:14:10,So11111111111111111111111111111111111111112,6.901e-06,7LSsEoJGhLeZzGvDofTdNg7M3JttxQqGWNLo6vWMpump,24794.47591599822
JD38n7ynKYcgPpF7k1BhXEeREu1KqptU93fVGy3S624k,SWAP,PUMP_FUN,CjfSQd84oQxrj4AFi1P4j4iKiq7UrfL1E8AYnGWYtKPnkSEkDB9VqH62WJEQULErG6zgfZsT32DVPsKwRcwULkf,2025-04-12 16:15:10,So11111111111111111111111111111111111111112,2.8238e-05,7LSsEoJGhLeZzGvDofTdNg7M3JttxQqGWNLo6vWMpump,24654.201665997505
JD1dHSqYkrXvqUVL8s6gzL1yB7kpYymsHfwsGxgwp55h,SWAP,PUMP_FUN,52E26HiHFreEAJHnqNxKGbvZeaewwhykhuFtjcwhzcFaCdHxKgxC7PKW5aumVzhiayuS1BafJGfUaiuYbh7yUuUg,2025-04-12 16:16:11,So11111111111111111111111111111111111111112,8.551e-06,7LSsEoJGhLeZzGvDofTdNg7M3JttxQqGWNLo6vWMpump,24637.103029996157
JD1dHSqYkrXvqUVL8s6gzL1yB7kpYymsHfwsGxgwp55h,SWAP,JUPITER,2hqTRmrjsEd4d2CNE2kg4JWyDmDP1Y9SNQ73tarmTLwBWPYGrBKJ5tKCqbkAZVTR4eMw5eWQE6A4nSnN8M4hANWy,2025-04-12 16:17:10,So11111111111111111111111111111111111111112,0.555555556,7LSsEoJGhLeZzGvDofTdNg7M3JttxQqGWNLo6vWMpump,24608.405931
JD1dHSqYkrXvqUVL8s6gzL1yB7kpYymsHfwsGxgwp55h,SWAP,JUPITER,4oWVNEtsZm1FZE3qsbiEHke8rG1W49EvU3m38WYmizuF6Rm55uvpCPMMoE41H63YjzBuxrVvBCdnNrDNMuCVhnNJ,2025-04-12 16:18:09,So11111111111111111111111111111111111111112,0.555555556,7LSsEoJGhLeZzGvDofTdNg7M3JttxQqGWNLo6vWMpump,24608.405931
JD1dHSqYkrXvqUVL8s6gzL1yB7kpYymsHfwsGxgwp55h,SWAP,JUPITER,4K36xzXJG2ikzQ4y9ZKMQjKturnG9wRpXRUqtMtzPzPZXfb5VbpoQEnAfCUpBP1gZLju2NHC6REKHL8FJ6uYmoLr,2025-04-12 16:19:12,So11111111111111111111111111111111111111112,0.555555556,7LSsEoJGhLeZzGvDofTdNg7M3JttxQqGWNLo6vWMpump,24594.724654
JD25qVdtd65FoiXNmR89JjmoJdYk9sjYQeSTZAALFiMy,SWAP,PUMP_FUN,4JT4aRcHYM96onpD9TkZzuTg7vM7yF33DQi4Wt42aKyVstnB6hKvbSMUxiUYLQ9WQXVAzDoCr3wL3ebVHssWZ3F7,2025-04-12 16:20:18,So11111111111111111111111111111111111111112,0.002013753,7LSsEoJGhLeZzGvDofTdNg7M3JttxQqGWNLo6vWMpump,24757.962462998927
JD25qVdtd65FoiXNmR89JjmoJdYk9sjYQeSTZAALFiMy,SWAP,PUMP_FUN,5kj6F3q5RYWWof1D5WdGgA2WxJNADbUg4RWTjMc4PeViXGLhkauofmVBsjtgQZXytMmVs6nYGVtHeudb6TEQ8dBK,2025-04-12 16:21:18,So11111111111111111111111111111111111111112,2.7019e-05,7LSsEoJGhLeZzGvDofTdNg7M3JttxQqGWNLo6vWMpump,24732.086185999215
JD38n7ynKYcgPpF7k1BhXEeREu1KqptU93fVGy3S624k,SWAP,PUMP_FUN,3cNADhrzpJmFGmHBihQkfxquWhRtH8gx3RxJpviga9yb54n5GtkkYz5E1yEvMcpJ6jjm3VPm2AuWG5CsMV5HDWCK,2025-04-12 16:22:16,So11111111111111111111111111111111111111112,0.002012245,7LSsEoJGhLeZzGvDofTdNg7M3JttxQqGWNLo6vWMpump,24724.56177099794
JD38n7ynKYcgPpF7k1BhXEeREu1KqptU93fVGy3S624k,SWAP,PUMP_FUN,3W45HEdZwaorBrwyX41HHkQAvm2tffFiHWyu2g4TLzZeKmjEt1NFCnwwsocd8Mx78YzmBnirCTiUmbXyYWcTrBy7,2025-04-12 16:23:15,So11111111111111111111111111111111111111112,2.8235e-05,7LSsEoJGhLeZzGvDofTdNg7M3JttxQqGWNLo6vWMpump,24743.8815869987
JD25qVdtd65FoiXNmR89JjmoJdYk9sjYQeSTZAALFiMy,SWAP,PUMP_FUN,5PH9LZZH95LU6Yji7H1KBhmuJJAZJJx6k4LSvkAc9A6Drh4332MU2j9gEtqbaZyo7HG8uPeM77WdRgevLiWAtvUB,2025-04-12 16:24:09,So11111111111111111111111111111111111111112,0.002013758,7LSsEoJGhLeZzGvDofTdNg7M3JttxQqGWNLo6vWMpump,24708.542267002165
JD38n7ynKYcgPpF7k1BhXEeREu1KqptU93fVGy3S624k,SWAP,PUMP_FUN,mSohvkyiGCSydVDwMUAvn2a5yyhL1nHKvXfrLXZoE6ukXWTi4dn7tctvALkvEYwhMqMf3dTKi5FxS1qSNAxrcMY,2025-04-12 16:25:13,So11111111111111111111111111111111111111112,2.8238e-05,7LSsEoJGhLeZzGvDofTdNg7M3JttxQqGWNLo6vWMpump,24672.92419499904
JD1dHSqYkrXvqUVL8s6gzL1yB7kpYymsHfwsGxgwp55h,SWAP,PUMP_FUN,49pHbRCKSAgctXkKNBxXWjM6LDKT4eFR3qSrSyfZAHgvWeDTw2fVkHEmTR9Y97cfgeskgJLrtGm3xEkV5SzdSQbE,2025-04-12 16:26:10,So11111111111111111111111111111111111111112,1.0053e-05,7LSsEoJGhLeZzGvDofTdNg7M3JttxQqGWNLo6vWMpump,24583.348083004355
JD1dHSqYkrXvqUVL8s6gzL1yB7kpYymsHfwsGxgwp55h,SWAP,PUMP_FUN,44RTs2YuidGbDXziXk4q1kWX7zmijQZGKDPhzAjTvGWHSYpEHism9fq6Z7C3yBWVGAtqDbRVfaRyBFdracxnvNLC,2025-04-12 16:27:11,So11111111111111111111111111111111111111112,8.19e-06,7LSsEoJGhLeZzGvDofTdNg7M3JttxQqGWNLo6vWMpump,24733.748603999615
JD25qVdtd65FoiXNmR89JjmoJdYk9sjYQeSTZAALFiMy,SWAP,PUMP_FUN,SkrNtpe4Y7HuVsPNJJqShbmDt2PRGCwNy5YgBDY9YmnhXi85eGAQdz8QLJunXvPU5q6WknAKfnYNe6psEEomLrZ,2025-04-12 16:28:11,So11111111111111111111111111111111111111112,2.7317e-05,7LSsEoJGhLeZzGvDofTdNg7M3JttxQqGWNLo6vWMpump,24703.24264499545
JD38n7ynKYcgPpF7k1BhXEeREu1KqptU93fVGy3S624k,SWAP,PUMP_FUN,43MdduXmrXmS72YJech2GE6ehKjnd933rPnEkyNWdQXmmkKkFzqZ5M9e8hJL7S1N7Q1yoxncU1iFjpYfdEqQRnnS,2025-04-12 16:29:10,So11111111111111111111111111111111111111112,2.8237e-05,7LSsEoJGhLeZzGvDofTdNg7M3JttxQqGWNLo6vWMpump,24767.40687699616
JD1dHSqYkrXvqUVL8s6gzL1yB7kpYymsHfwsGxgwp55h,SWAP,JUPITER,HB31iKYJs46oVxp3tf1PppBV9cpqacadhVv4TF8euPSUKAR1wnpvqg4N2GdrWmjRFCgJoMcooQ2wM6xkFA9qz7G,2025-04-12 16:30:14,So11111111111111111111111111111111111111112,0.555555556,7LSsEoJGhLeZzGvDofTdNg7M3JttxQqGWNLo6vWMpump,24367.193032
JD1dHSqYkrXvqUVL8s6gzL1yB7kpYymsHfwsGxgwp55h,SWAP,PUMP_FUN,57FyJ9q8JdBUDrTCr7VKNMnLKNQxxURN9ypJv9ftcBiqnz2zZn4BRtxF6NWkMEqJ8t2Mbub3gQDftkrwGTGkMFq1,2025-04-12 16:31:10,So11111111111111111111111111111111111111112,7.218e-06,7LSsEoJGhLeZzGvDofTdNg7M3JttxQqGWNLo6vWMpump,24137.837349005044
JD1dHSqYkrXvqUVL8s6gzL1yB7kpYymsHfwsGxgwp55h,SWAP,PUMP_FUN,2r7djCw5C5bKFiL5LRbqgfEeQ5eTWTDGpkCnUBL37nUD2EFavwqRVjvA8UpPchoAJET1rCz2EUn2PPkdz42DKv1j,2025-04-12 16:32:10,So11111111111111111111111111111111111111112,8.472e-06,7LSsEoJGhLeZzGvDofTdNg7M3JttxQqGWNLo6vWMpump,24376.159350000322
JD1dHSqYkrXvqUVL8s6gzL1yB7kpYymsHfwsGxgwp55h,SWAP,PUMP_FUN,4xbc3sEzbao9gWxvtTumbun7Xks8SmeNZbXBRqx5Kd8GNgQ3dWKQwPA9WMhYHYkYE33awfysdPP65GD8oD4m2xRF,2025-04-12 16:33:08,So11111111111111111111111111111111111111112,2.1491e-05,7LSsEoJGhLeZzGvDofTdNg7M3JttxQqGWNLo6vWMpump,24580.587947003543
JD1dHSqYkrXvqUVL8s6gzL1yB7kpYymsHfwsGxgwp55h,SWAP,PUMP_FUN,5eFqJ97UEBRmuz3E8id3paiKmvEG7NU1Qiek4j7AbaSignsvrxZ1p3j3QHjNgz5CebBQFM7tBj33wweAaVDRGAT,2025-04-12 16:34:11,So11111111111111111111111111111111111111112,1.0185e-05,7LSsEoJGhLeZzGvDofTdNg7M3JttxQqGWNLo6vWMpump,24695.75981400162
JD38n7ynKYcgPpF7k1BhXEeREu1KqptU93fVGy3S624k,SWAP,JUPITER,28XFEAbDWyJ3twyNTGAS4Bi58ajQ91k2Z7zm3QANdtefeD2j6uLf4wCyuHn86PZXh4mQ6ESuUBjJfZz3K3YWsREp,2025-04-12 16:35:09,So11111111111111111111111111111111111111112,0.555555556,7LSsEoJGhLeZzGvDofTdNg7M3JttxQqGWNLo6vWMpump,24608.971132
JD1dHSqYkrXvqUVL8s6gzL1yB7kpYymsHfwsGxgwp55h,SWAP,PUMP_FUN,3kzL2QUWK4Tz83tmBjmBdKm4hw3zTkXM1anSmjWQehRhvxr7jwj2ms4CE6cJvr74ezAqF45kyogZ72TD443PfCH8,2025-04-12 16:36:09,So11111111111111111111111111111111111111112,1.0733e-05,7LSsEoJGhLeZzGvDofTdNg7M3JttxQqGWNLo6vWMpump,25086.480659998953
JD1dHSqYkrXvqUVL8s6gzL1yB7kpYymsHfwsGxgwp55h,SWAP,PUMP_FUN,4iFoZV5aUeAB5UpcQAtDoFWnape3ExXLurHUWsHFrFFTwnjdQLEvWKiBrwA97mFLUkPLxfrC3WeXQu75TL2drjbb,2025-04-12 16:37:12,So11111111111111111111111111111111111111112,7.277e-06,7LSsEoJGhLeZzGvDofTdNg7M3JttxQqGWNLo6vWMpump,25397.839981995523
JD1dHSqYkrXvqUVL8s6gzL1yB7kpYymsHfwsGxgwp55h,SWAP,PUMP_FUN,54BrkQ3oZi4CYwzJ9odtT1gycdhKausSXYqdGqiBek1HTiYGNtEP2QbgeKCUupvUEj7Hqa5stVcSwnYNZjagEV3B,2025-04-12 16:38:11,So11111111111111111111111111111111111111112,1.0029e-05,7LSsEoJGhLeZzGvDofTdNg7M3JttxQqGWNLo6vWMpump,25527.66776700318
JD1dHSqYkrXvqUVL8s6gzL1yB7kpYymsHfwsGxgwp55h,SWAP,PUMP_FUN,eNvXK7E4H8CwCXJQwTHxfy6f2VMiW1oWQ6E2Jhg72No4FCoS7QZg97E735cg5EXNcGYg24kwuDVxjNzwQ6rNNpy,2025-04-12 16:39:12,So11111111111111111111111111111111111111112,7.1e-06,7LSsEoJGhLeZzGvDofTdNg7M3JttxQqGWNLo6vWMpump,25746.88392100483
JD1dHSqYkrXvqUVL8s6gzL1yB7kpYymsHfwsGxgwp55h,SWAP,PUMP_FUN,4KsFHicBHL8FX3Qka1QxaWAQ4mv795Uyb4KTaHXJqCbQYE255AdFepMcbdc9F9vKyEy8wiSj964xutou6YYR6PTd,2025-04-12 16:40:09,So11111111111111111111111111111111111111112,1.0777e-05,7LSsEoJGhLeZzGvDofTdNg7M3JttxQqGWNLo6vWMpump,25760.427183002234
JD25qVdtd65FoiXNmR89JjmoJdYk9sjYQeSTZAALFiMy,SWAP,PUMP_FUN,MCmT7nsx3onPuY8MhGgqGwXRT7epycvy6vMCQ19KHnUxqry4RsdxqtxyzLqnXs8AJHeKpMRyVWPRNcEVEyiGK2a,2025-04-12 16:41:11,So11111111111111111111111111111111111111112,0.002013509,7LSsEoJGhLeZzGvDofTdNg7M3JttxQqGWNLo6vWMpump,25946.85560299456
JD25qVdtd65FoiXNmR89JjmoJdYk9sjYQeSTZAALFiMy,UNKNOWN,UNKNOWN,3NvcSXPtrYYKiL7u8qfPeZCES22tgmxhZNCBwj1LPdkZGBmhAwQYwyYCcximrMA8QMxXRD1C7dxpQgW3jgzLHaFZ,2025-04-12 16:42:09,UNKNOWN,0.0,UNKNOWN,0.0
HRQGBLvcFrupziFU27ZrjrccBC9x9CCcWWoNNF28BkTN,SWAP,PUMP_AMM,2kgqiA9QoSFUhTodm7878nkbWnoxuVGvjgR13YzBga2r5smaaS6aYmqUgZ9DKa4mETmwSEdQuLFpeTzHHPxqfcnP,2025-04-12 17:40:59,So11111111111111111111111111111111111111112,0.002055182,G9VejKcq7AsAasAAdUSUWkrTZ9tNPqZfTAqKY9pa6A6h,161.65301597118378
5Hr7wZg7oBpVhH5nngRqzr5W7ZFUfCsfEhbziZJak7fr,TRANSFER,SYSTEM_PROGRAM,rUCVuTVPMZdcPuU8bsDUUxs5qV84rQLhYgNjAwzsRuHsUX51L9Swxd24CDnMSiphkk46GRtWrtrnym1s5AuDa8B,2025-04-13 00:21:11,So11111111111111111111111111111111111111112,1e-09,So11111111111111111111111111111111111111112,1e-09
9HCTuTPEiQvkUtLmTZvK6uch4E3pDynwJTbNw6jLhp9z,SWAP,RAYDIUM,3QRCUkx1Xfix4uWg6BVrEuB5xjszqY7JDtJBmU9TDbuMF8jMuegM8Mbg4kPiPPehWGoDjEowXqonWkyHSQpViXgn,2025-04-13 04:31:50,8i51XNNpGaKaj4G4nDdmQh95v4FKAxw8mhtaRoKd9tE8,2135128.607565,So11111111111111111111111111111111111111112,21.994646814
FLiPGqowc82LLR173hKiFYBq2fCxLZEST5iHbHwj8xKb,TRANSFER,SYSTEM_PROGRAM,4a228bXpEDgFJZojEAhEMusHTNTMWhGW5Y5FKxXx5t7LdWEmRTRpGSpoEjCJZ3D5pxH7UnsYEwuzNXKDiAmd1Pwy,2025-04-13 04:32:19,So11111111111111111111111111111111111111112,1e-09,So11111111111111111111111111111111111111112,1e-09
FLiPgGTXtBtEJoytikaywvWgbz5a56DdHKZU72HSYMFF,TRANSFER,SYSTEM_PROGRAM,jrvtLqVSZZSUtiPrnPAA6zNsPcNbK6E9LiJXRskk8bYJRazNpEUS41mPUbJtgaPMbGmGytpKs68j2DmNwMsGYpN,2025-04-13 04:32:19,So11111111111111111111111111111111111111112,1e-09,So11111111111111111111111111111111111111112,1e-09
9HCTuTPEiQvkUtLmTZvK6uch4E3pDynwJTbNw6jLhp9z,SWAP,PUMP_FUN,J9FEJzuEKMoiyZ7uq9KofXm6aKuUTyvWTdt33PtRhutvqStqBdfoLGoAqAtQsC5pNcKbPHAzT4TjSQfJXTzxVHG,2025-04-13 12:00:45,So11111111111111111111111111111111111111112,7.181032905,4StuLHHsHobhBh4BCNhreFtQ5EvSZHvbAMxJ44JWpump,117440.73404699937
FLiPGqowc82LLR173hKiFYBq2fCxLZEST5iHbHwj8xKb,TRANSFER,SYSTEM_PROGRAM,4q8PvpMw21TU9sXWqVevVNp7Q4HVY7d1KHWBG99dkKJoui7quZeo9n7Fa9N5UDE1KnXDMTpzGaM8QuvQEomQuD6Z,2025-04-13 12:00:53,So11111111111111111111111111111111111111112,1e-09,So11111111111111111111111111111111111111112,1e-09
FLiPgGTXtBtEJoytikaywvWgbz5a56DdHKZU72HSYMFF,TRANSFER,SYSTEM_PROGRAM,65B2ZG37MwzWh4ZSigvfb8yuFjFeAepsEc2Hyw8jhrkq8YMcd3CMcB6wzAjFW4XNsnwJfHLivBhMw6VmoNtLz5ri,2025-04-13 12:00:53,So11111111111111111111111111111111111111112,1e-09,So11111111111111111111111111111111111111112,1e-09
9HCTuTPEiQvkUtLmTZvK6uch4E3pDynwJTbNw6jLhp9z,SWAP,PUMP_FUN,4nb1RceWDABhBf9Q9wueEGfR3mqiBAope3dfuCLvGUoo3W1H9bmCp8szVNVUh7jwCDnuYwwFhutHzTrhNJ14NKwD,2025-04-13 12:00:56,4StuLHHsHobhBh4BCNhreFtQ5EvSZHvbAMxJ44JWpump,117440.73404699937,So11111111111111111111111111111111111111112,7.014145447
BAvyEPFwTA2UKuSK5XL6Cj43Yhh5NVYE7WnqBDLuZL48,TRANSFER,SOLANA_PROGRAM_LIBRARY,3xbMgwPa7FxaNEUBzAyReE921wCxVwcFYL3m2fUSo5v1XaWhNdEof2WU6Kb1HMkyhYG2ZdBYu1cCf3QPEUL1ZZQj,2025-04-13 12:01:22,So11111111111111111111111111111111111111112,1e-06,So11111111111111111111111111111111111111112,1e-06
5Hr7wZg7oBpVhH5nngRqzr5W7ZFUfCsfEhbziZJak7fr,TRANSFER,SYSTEM_PROGRAM,4eijKEXSjY48D5tz1wv1JZMGWpaRUAVzaRp3BEoNmZhLGD2omHrpvaMhRS4LTxNMHvMzQsg4pQjBXSQE8YivStHg,2025-04-13 12:04:55,So11111111111111111111111111111111111111112,1e-09,So11111111111111111111111111111111111111112,1e-09
8p3GvnJBQ9j3HsGr6tVuFtGrxLv7obDR2WA7FaeJEfkJ,TRANSFER,SOLANA_PROGRAM_LIBRARY,H9EidJxk1S6PS4CHKAcV4SLSqsSjysq2aS1azXj82t1phnEtFqaZbHySeYu8LDnwDchqSJCg5ptRGqWVFjYBjNU,2025-04-13 13:08:33,So11111111111111111111111111111111111111112,0.008,So11111111111111111111111111111111111111112,0.008
9HCTuTPEiQvkUtLmTZvK6uch4E3pDynwJTbNw6jLhp9z,SWAP,PUMP_FUN,61whSggNwwP5Fn2UdQkk3Zf3znPVkeynQiiGHkgV5sWp6JMfQEhmk7RT9YF8fuYJmELKnpGk4bES6pD3vdbX6t7Q,2025-04-13 15:30:28,C3DwDjT17gDvvCYC2nsdGHxDHVmQRdhKfpAdqQ29pump,434416.5923009999,So11111111111111111111111111111111111111112,302.438859774
FLiPgGTXtBtEJoytikaywvWgbz5a56DdHKZU72HSYMFF,TRANSFER,SYSTEM_PROGRAM,3Nmg8wJb9fJA8QHeNmo1HrfsE2ChxSseGjfguiJSjuRpTgFzarG5vMsN72qkzmmtgLwD1E8d6tJefdkstuekvcoQ,2025-04-13 15:30:46,So11111111111111111111111111111111111111112,1e-09,So11111111111111111111111111111111111111112,1e-09
FLiPGqowc82LLR173hKiFYBq2fCxLZEST5iHbHwj8xKb,TRANSFER,SYSTEM_PROGRAM,3k2FycaFuvyfao8EY7J4GYBjjN2FhoWgrbyjnTNFxpxZWczqGVY3ijoRAoJ6kwwGfyaJ4GdSkHn5c18ydkZe9mt2,2025-04-13 15:30:46,So11111111111111111111111111111111111111112,1e-09,So11111111111111111111111111111111111111112,1e-09
2vVG6JaKB2Xbod61p9EQMxMzcF2waSYguHR9ych3sWr1,UNKNOWN,UNKNOWN,td1jJkT4rpQ3QgJZMaH7Q4DGAcJKDKi5JMAW4Tum3qMYHYHsitabWkSjtEhZJU4RDrTREHuLgCZjyrFoot2zA2y,2025-04-13 16:02:38,UNKNOWN,0.0,UNKNOWN,0.0
9HCTuTPEiQvkUtLmTZvK6uch4E3pDynwJTbNw6jLhp9z,SWAP,PUMP_FUN,4EGdqGAq9Cg4YZUBJ1nYr3vPc8DtuxG8uJsM5Sapf3GMhjHrwUrSRgc645yWkcXESsTKQuDkkYF4opisQFvp8fC8,2025-04-13 16:35:30,So11111111111111111111111111111111111111112,19.931463586,BJeNg3VeDvjjMUX8NJr2God74JMh2ViZk1VHR65UA5at,14748292.228733003
FLiPGqowc82LLR173hKiFYBq2fCxLZEST5iHbHwj8xKb,TRANSFER,SYSTEM_PROGRAM,2zPJUYSAidbwPTv9tY2RFYNeLWdRkyTD3Xr1KrnaehfTn5xiDkpqqN3kZvZ5Qh2EY4UsC758PTh3Be96qSqzv4xB,2025-04-13 16:35:36,So11111111111111111111111111111111111111112,1e-09,So11111111111111111111111111111111111111112,1e-09
FLiPGqowc82LLR173hKiFYBq2fCxLZEST5iHbHwj8xKb,TRANSFER,SYSTEM_PROGRAM,4ooy3ytRRzTW2TTip8jVxLvuxdtCaGM9q9GKx6TygAtdgcfnKJwYwkNWxz2i5mASsM3tEMw2c5p5W2ecooi2HNZY,2025-04-13 16:35:43,So11111111111111111111111111111111111111112,1e-09,So11111111111111111111111111111111111111112,1e-09
FLiPgGTXtBtEJoytikaywvWgbz5a56DdHKZU72HSYMFF,TRANSFER,SYSTEM_PROGRAM,cErVveHDpiiQ242Wy4J3SiQeSitNW5sJnhEHfn4syF5oqVhMc3a5TdKbFyTgmRGC6zrbiYJPnGUz9Zi5fkU53A8,2025-04-13 16:35:43,So11111111111111111111111111111111111111112,1e-09,So11111111111111111111111111111111111111112,1e-09
FLiPgGTXtBtEJoytikaywvWgbz5a56DdHKZU72HSYMFF,TRANSFER,SYSTEM_PROGRAM,3D28MJEgMTJXan4ERvFDj1dmJkSBLbDxFp5QozwKZ2G2aBGXD5o77ZdKxxX1iK2sm28bEkN9LkqzEfnq5fRdrVjn,2025-04-13 16:35:43,So11111111111111111111111111111111111111112,1e-09,So11111111111111111111111111111111111111112,1e-09
9HCTuTPEiQvkUtLmTZvK6uch4E3pDynwJTbNw6jLhp9z,SWAP,PUMP_FUN,3rpb3NsYmDg1aSymQM1LRFToykkjq7ZngWQdHMtmw4V7tFZ86pK74x6ECYWHG15Qk4DP7LPxxzLQm52nUNByv961,2025-04-13 17:04:33,BJeNg3VeDvjjMUX8NJr2God74JMh2ViZk1VHR65UA5at,14748292.228732988,So11111111111111111111111111111111111111112,17.837023248
9HCTuTPEiQvkUtLmTZvK6uch4E3pDynwJTbNw6jLhp9z,SWAP,PUMP_FUN,sPP9tPkTEUrYCJ9c82VMxrfsN2wYH2dvhBe6nbouvdTFT3z2GMq244xThSRVE8Y4LhuaNJAAHeDtQyQVrr1GcNY,2025-04-13 17:04:39,So11111111111111111111111111111111111111112,15.252094281,AeAxtBjuSRbhUJLE7LSgbbW2ycHG4cBMoQw75AsTpump,9220928.856926993
9HCTuTPEiQvkUtLmTZvK6uch4E3pDynwJTbNw6jLhp9z,SWAP,PUMP_FUN,3vSAP8u2KrJ5JD5Uw7z3bkdgx7e3ZQXqUd8GBY89WHJ4bib8w8Yt3jGdYJycJ2LiS9Zo4HR8Gofr3cnvJxKAyeTd,2025-04-13 17:21:46,So11111111111111111111111111111111111111112,5.002005,AeAxtBjuSRbhUJLE7LSgbbW2ycHG4cBMoQw75AsTpump,1835154.7985820025
9HCTuTPEiQvkUtLmTZvK6uch4E3pDynwJTbNw6jLhp9z,SWAP,PUMP_FUN,5G2G4u9Z4tCs8LtSFqV4afQifMF1iq8tQ1Q7MbFsWM2nfC2Wck63HTnUsEX9na5LQc8h1ThdyxsUBVfZN2BEVbYE,2025-04-13 20:02:16,So11111111111111111111111111111111111111112,10.00201,AeAxtBjuSRbhUJLE7LSgbbW2ycHG4cBMoQw75AsTpump,8104278.687644988
FLiPgGTXtBtEJoytikaywvWgbz5a56DdHKZU72HSYMFF,TRANSFER,SYSTEM_PROGRAM,2uHAVGRz8C3uALDPs3bxWfNMD1ChQA6tW9TUdxMoioBVTacxchRRMRKVn77U54z1oHWmM8jMxkhGbcPbdLEi4rhj,2025-04-13 20:02:24,So11111111111111111111111111111111111111112,1e-09,So11111111111111111111111111111111111111112,1e-09
FLiPGqowc82LLR173hKiFYBq2fCxLZEST5iHbHwj8xKb,TRANSFER,SYSTEM_PROGRAM,2dWMYhNaMYsTXXG1PsEtVLgKg8CrMsuVJg5cKLeTSBBrU1YJqFV75fyfkVKoVTCGfSGBvJBnJkGVf2VBGRERoC1j,2025-04-13 20:02:25,So11111111111111111111111111111111111111112,1e-09,So11111111111111111111111111111111111111112,1e-09
9KxQy6StbkJhubAbfvfriUK6LYYJ5cSkBoS3ZhcbdUx2,TRANSFER,SYSTEM_PROGRAM,4X6xsyRgQYk4zQBHKemnRFT66KK9UKoMfrHkU7Umbz7Y4Z1QQsG8DL5eXPmBi6ZUr11gvZdwu7JoSsPEgPgeNBtW,2025-04-13 23:37:56,So11111111111111111111111111111111111111112,1e-09,So11111111111111111111111111111111111111112,1e-09
5Hr7wZg7oBpVhH5nngRqzr5W7ZFUfCsfEhbziZJak7fr,TRANSFER,SYSTEM_PROGRAM,5yLtogCFDET6eAuBsKGJFxi2GEurBkcGr6ZcB8KvF9m6iKoQsTLtBaMnvGMZLqCyfEoBLHHdPFKpEARPioXvuv2k,2025-04-14 00:15:13,So11111111111111111111111111111111111111112,1e-09,So11111111111111111111111111111111111111112,1e-09
4vTgkXm34AofatxymjgGQxX3HXhNjiv34kRi2oVDoPbm,UNKNOWN,UNKNOWN,3vipn3eMtFhQsaoKWPc6NBkjNxroAuHwD5mbZ62JyTGe6LheCuW6VNp6dw2ts87iNSoXdgPSB6N8zGpuuAiB9d6S,2025-04-14 02:52:35,UNKNOWN,0.0,UNKNOWN,0.0
CavFW8jpoA4YsNwsyG6ijx2ZsVHdctNnGCPVJGTNL2nc,UNKNOWN,UNKNOWN,54ANaf7eyiuehAnUqrFCpD41rwcu4Fju7KeLxcftYZDRZxjEtLtMzVfi5Sx3NEnjnqnQyyviAM6wnAK9BHzjwiMD,2025-04-14 07:55:32,UNKNOWN,0.0,UNKNOWN,0.0
5Hr7wZg7oBpVhH5nngRqzr5W7ZFUfCsfEhbziZJak7fr,TRANSFER,SYSTEM_PROGRAM,P7WAPTfdPtSrjTEKjx5hhQ2tACjKQ7v4Rv1U3sTHNF3Cx7qo5G4oHRknhkkRcduCN73HXH5GPWmn5FBspayAcyh,2025-04-14 12:16:04,So11111111111111111111111111111111111111112,1e-09,So11111111111111111111111111111111111111112,1e-09
69mjjZcjXtxc1Tp3Jz9AQPKypYcspTaTtWp4J9WFTiFf,UNKNOWN,UNKNOWN,42YNsbjhJFCesdYE42HJ3tBn5FCbCfvTStF2BCS18x5MWm8zjQugooywGcpf5RgQmPE4LpxnftDrJd8xRwFe7xWz,2025-04-14 16:01:45,UNKNOWN,0.0,UNKNOWN,0.0
9HCTuTPEiQvkUtLmTZvK6uch4E3pDynwJTbNw6jLhp9z,TRANSFER,SYSTEM_PROGRAM,qjaRJyM5aMPHDVM7RaMMUabw162v6Zjz7sUaGC2KzoVd29vWhRbDcVvpgLSewWeBNeyR4MeGabKta14V1GaHPzV,2025-04-14 16:13:42,So11111111111111111111111111111111111111112,0.009872886,So11111111111111111111111111111111111111112,0.009872886
FLiPGqowc82LLR173hKiFYBq2fCxLZEST5iHbHwj8xKb,TRANSFER,SYSTEM_PROGRAM,3gtWGCspWBwtZbP1Bj24mPCmEGPiCCPoiLKmCau1DoxRCg2KEFbx9L4J2GHTRSsfkFn4LFUkUJhF5fVvtdVVSsFh,2025-04-14 16:13:53,So11111111111111111111111111111111111111112,1e-09,So11111111111111111111111111111111111111112,1e-09
FLiPgGTXtBtEJoytikaywvWgbz5a56DdHKZU72HSYMFF,TRANSFER,SYSTEM_PROGRAM,uK4jje7zMus79R8vFa7kibfzoMR53QxXzKkSFm3ABFSytnvgJjwKQfa9myh5V3saCjZUESbG7S49z9sY5bRWp3t,2025-04-14 16:13:53,So11111111111111111111111111111111111111112,1e-09,So11111111111111111111111111111111111111112,1e-09
9HCTuTPEiQvkUtLmTZvK6uch4E3pDynwJTbNw6jLhp9z,SWAP,PUMP_AMM,4y2e9DY8Epe19Bve43aLxqawqrtaRRUWzC3T14Cb1UNosWei4yuJzfTNZJeFP3iijAu3nrqT47BJZ1b2Jz9Aauw7,2025-04-14 16:59:45,So11111111111111111111111111111111111111112,6.120928124,Fiuzmw3wpFQAZqwEVqGDYdvzRULtsZdS4YXaf5WETA4L,35684555.429115
9HCTuTPEiQvkUtLmTZvK6uch4E3pDynwJTbNw6jLhp9z,SWAP,PUMP_FUN,3Z9ocYQ26dAEddN6PeBMJX4EKyEH9aWdaJVLFapbMuTHHeki8QFiSaUpTwN3dLgnnJy9cEskq7Hy65xwatKwuffE,2025-04-14 17:01:43,Fiuzmw3wpFQAZqwEVqGDYdvzRULtsZdS4YXaf5WETA4L,17842277.714556992,So11111111111111111111111111111111111111112,11.673146075
9HCTuTPEiQvkUtLmTZvK6uch4E3pDynwJTbNw6jLhp9z,SWAP,PUMP_FUN,4RtdBZQVVjbDZpYe1aBCGMTz7EatKyhizaGSuqArQCRFA8q85M8tubztaT66RccyKjHN9jQHxgusy4rN6Y3GfpvH,2025-04-14 17:03:50,Fiuzmw3wpFQAZqwEVqGDYdvzRULtsZdS4YXaf5WETA4L,17842277.714558005,So11111111111111111111111111111111111111112,3.837275405
5Hr7wZg7oBpVhH5nngRqzr5W7ZFUfCsfEhbziZJak7fr,TRANSFER,SYSTEM_PROGRAM,2JkAj6CSj5zzeVv5tiFXU4y1hPsiXVdW3axUuNuBvZJhsUTFJ8BjNM9MPHPJRL29UcnAmcjsWBXGyvWQfLP9rSuU,2025-04-15 00:07:48,So11111111111111111111111111111111111111112,1e-09,So11111111111111111111111111111111111111112,1e-09
HazVKUCFbyRj9znsi7973aLhcKTYs3SntBcRVbb31HXx,UNKNOWN,UNKNOWN,2MzE4pURfpBgDukoQ4Pqwdb9kjjScUoQnGFmoLDpagDvGNeZLhQ8hm6Pw9RuvNQ9P2qX5FH6yXFGWmn8FDm6GEcW,2025-04-15 03:35:47,UNKNOWN,0.0,UNKNOWN,0.0
9HCTuTPEiQvkUtLmTZvK6uch4E3pDynwJTbNw6jLhp9z,SWAP,PUMP_FUN,3w16xosUCWioNfvecreWkTm5Nswn4odb8pPzMvQYXBfRMGN7Jp5gKgFJ912r2TvFVfAAwKAeNP42WAt6gghAEV25,2025-04-15 09:08:08,So11111111111111111111111111111111111111112,50.518055,7LSsEoJGhLeZzGvDofTdNg7M3JttxQqGWNLo6vWMpump,922031.0872329995
FLiPGqowc82LLR173hKiFYBq2fCxLZEST5iHbHwj8xKb,TRANSFER,SYSTEM_PROGRAM,6BDUP1NCyMYQMfJidYahTADuBTwdG5bxt6SYBHWZ82siXKdYP7Snd3NBan6qmyj6WLdMCfj1GV8B2YJkUy63tcC,2025-04-15 09:08:22,So11111111111111111111111111111111111111112,1e-09,So11111111111111111111111111111111111111112,1e-09
FLiPgGTXtBtEJoytikaywvWgbz5a56DdHKZU72HSYMFF,TRANSFER,SYSTEM_PROGRAM,59mNyFBeLGiZm4MsgynLF5atRxNGZDanE5tUfDNuskTA3ZcFHxg2rsrrsitBJ6zcu78wMd1Bd8xq7HjXkLPEvUmo,2025-04-15 09:08:22,So11111111111111111111111111111111111111112,1e-09,So11111111111111111111111111111111111111112,1e-09
4Ak4wRxfAEEJeoaM16QWBkSRDkgDKU8F2pLvt1zvUjcG,TRANSFER,SOLANA_PROGRAM_LIBRARY,33DHGEhh1Kj484qAF1G5ktyfqttKa6V8uUiN6convQYok3GU15L3LyM8suC5sD1ariiwjWiqYmMpPUF3QaRSsB7k,2025-04-15 10:30:01,So11111111111111111111111111111111111111112,0.00203928,So11111111111111111111111111111111111111112,0.00203928
5Hr7wZg7oBpVhH5nngRqzr5W7ZFUfCsfEhbziZJak7fr,TRANSFER,SYSTEM_PROGRAM,5ND2fiez5Zfrm26osa7fsvFXRWfnLyK4tvs8Wsusowu2Nx8xjnCHwD92DoUro3rSAy3kw2mQnGVjbjHtCekav6wT,2025-04-15 12:08:48,So11111111111111111111111111111111111111112,1e-09,So11111111111111111111111111111111111111112,1e-09
9HCTuTPEiQvkUtLmTZvK6uch4E3pDynwJTbNw6jLhp9z,SWAP,PUMP_FUN,5pszWKk3tQ9EBiPRE8DdfMD9b7aYu8sG9NednmPDV4JLP4cZKzMDBLqNk62cw2TbGZevq2QERBsuMor1cAVk2faW,2025-04-15 12:55:06,So11111111111111111111111111111111111111112,49.457391927,B2128waKBveVEk61eWtr2wRti18wrGBThJw1bFYapump,11933430.717677996
FLiPGqowc82LLR173hKiFYBq2fCxLZEST5iHbHwj8xKb,TRANSFER,SYSTEM_PROGRAM,4AR6bhaEvQXLCTkjwjGhXB4iF5G3BDCm1JN3vJ2rP9V9zZcLLiFnEqz7DceNvis5TmGTTMqCb7k2q2U4pMqkPpSc,2025-04-15 12:55:23,So11111111111111111111111111111111111111112,1e-09,So11111111111111111111111111111111111111112,1e-09
FLiPgGTXtBtEJoytikaywvWgbz5a56DdHKZU72HSYMFF,TRANSFER,SYSTEM_PROGRAM,5TyNsw2jSYZd6JEcA1TBECB4FCFdzKRZCSeGWn6HumABCi6y7Vw23vvZ8NuP5pLrxNjsdgC6wFKAKFCzpXrkz3ek,2025-04-15 12:55:23,So11111111111111111111111111111111111111112,1e-09,So11111111111111111111111111111111111111112,1e-09
9HCTuTPEiQvkUtLmTZvK6uch4E3pDynwJTbNw6jLhp9z,SWAP,PUMP_FUN,3C4rxJ7iVdghqMRb35cUDAx36bFcqYPQmSGxYt4T7XDVjtaMymCuv4Y1TkGQVNpwBjXD4XanfLC7Aiddn3PHk5cD,2025-04-15 14:15:43,So11111111111111111111111111111111111111112,19.84191181,7jdUktukEFi2JzmqxcQu1tzyeh7haB2mqAPPQ74qpump,9825741.720585987
FLiPGqowc82LLR173hKiFYBq2fCxLZEST5iHbHwj8xKb,TRANSFER,SYSTEM_PROGRAM,64ZgVpq43wV3ScAh9dv4wQzd9opg5hZsybA44aEtYz5htaSypqL95h7dpwbpm5QUJMCGTKjW7aqiCcGGLM4BtSt5,2025-04-15 14:15:57,So11111111111111111111111111111111111111112,1e-09,So11111111111111111111111111111111111111112,1e-09
FLiPGqowc82LLR173hKiFYBq2fCxLZEST5iHbHwj8xKb,TRANSFER,SYSTEM_PROGRAM,39a2v1CjNTkfjBXnAnW3uyCHLXoePd1ANi8h25sqUP8rVjir4wDZNzgKfZvaDs8giqSK26HhUPxTyjxNK7nLYUxR,2025-04-15 14:15:57,So11111111111111111111111111111111111111112,1e-09,So11111111111111111111111111111111111111112,1e-09
FLiPgGTXtBtEJoytikaywvWgbz5a56DdHKZU72HSYMFF,TRANSFER,SYSTEM_PROGRAM,5a2pwg1QTGPfaCXNGFenTNBqpib8pQvwJbbzo8WcAK1urmC2EDDrccpuMrDMCsBq89BzQ83VjHDTQzYiyyri16YS,2025-04-15 14:16:04,So11111111111111111111111111111111111111112,1e-09,So11111111111111111111111111111111111111112,1e-09
9HCTuTPEiQvkUtLmTZvK6uch4E3pDynwJTbNw6jLhp9z,SWAP,PUMP_FUN,518ZjrwehoSzkhYgMAkQz9Z1LTMqgRNVmCy3TvLrS7R7MSGs99jhEcXNNyipbiaaYvcxuH1CU1xbvkK7PcnRXidB,2025-04-15 14:48:23,7jdUktukEFi2JzmqxcQu1tzyeh7haB2mqAPPQ74qpump,9825741.720586002,So11111111111111111111111111111111111111112,13.426895734
FLiPGqowc82LLR173hKiFYBq2fCxLZEST5iHbHwj8xKb,TRANSFER,SYSTEM_PROGRAM,4dFEiXTZNH2rmEU1dpN8BfpDXi2rM1Ug5Uh46YymDdr6dBDpinW6L8EjWJnhYH5M4YsC4iWt96otgWauSqfs1bq4,2025-04-15 14:48:30,So11111111111111111111111111111111111111112,1e-09,So11111111111111111111111111111111111111112,1e-09
FLiPgGTXtBtEJoytikaywvWgbz5a56DdHKZU72HSYMFF,TRANSFER,SYSTEM_PROGRAM,4tQcL2NSjjF667LPv2MLakCJn3Aio36hjbdd7z58WzoPfLRnwnx7s9Fk6LKkhXbgtCdJpLX5JPDyRhCmAQFXVrpw,2025-04-15 14:48:35,So11111111111111111111111111111111111111112,1e-09,So11111111111111111111111111111111111111112,1e-09
9HCTuTPEiQvkUtLmTZvK6uch4E3pDynwJTbNw6jLhp9z,SWAP,PUMP_FUN,2HLZsb4y2Bg4zdDYXWC8P7Moy2rwUhyoHjvWUznwJH8NFGqY55zgkV3aXo1f4QMvVzx774F3czsWgFrt1KjoQgwL,2025-04-15 18:01:28,So11111111111111111111111111111111111111112,202.067338956,Eqpvgps4py3nDkgvRnVGv7JsSwBF3oa3i1Zvaszqpump,5486521.506202001
FLiPGqowc82LLR173hKiFYBq2fCxLZEST5iHbHwj8xKb,TRANSFER,SYSTEM_PROGRAM,5mLvZgnxAjAXEhY3foJfxcoJVDYMTbTLQKnw7DHE3DWpRV9cNuKE81kCpmnA5suy6AtBFthWTBfMnarCwKrGPsVo,2025-04-15 18:01:38,So11111111111111111111111111111111111111112,1e-09,So11111111111111111111111111111111111111112,1e-09
FLiPgGTXtBtEJoytikaywvWgbz5a56DdHKZU72HSYMFF,TRANSFER,SYSTEM_PROGRAM,23FLuWTsdDZECtGMbxo7s5hDSndr4tMS1UgTnqujqv3M5mP1j78v4G3SNdo8RSSUMqHHy7WCkubq4r2RAVsxkvWP,2025-04-15 18:01:38,So11111111111111111111111111111111111111112,1e-09,So11111111111111111111111111111111111111112,1e-09
9HCTuTPEiQvkUtLmTZvK6uch4E3pDynwJTbNw6jLhp9z,SWAP,PUMP_FUN,42wwFwUCvyyKXVkcc2rFRr3KgwiR59YHZomSoGnhQ7fzUZJ91rQv8F8R8xo6R9BiNkmQ5ibBTtXH7RxynJCNqmG1,2025-04-15 18:01:47,7LSsEoJGhLeZzGvDofTdNg7M3JttxQqGWNLo6vWMpump,4596769.57,So11111111111111111111111111111111111111112,116.337896841
BWuEGvJ9cJc4i7LHa9UfsqGxheRCjkP9WqxyHkusNkHk,TRANSFER,PHANTOM,2qMhJE37smUMxLoye5jpzgaYT1f1TeR6PKUYW2R5grAPvHzguinGVdRLky2g8RH7sASnccKafP9Tt1TjNn5ToVA5,2025-04-15 18:48:56,So11111111111111111111111111111111111111112,0.00203928,So11111111111111111111111111111111111111112,0.00203928
3U6GsNZM2uuUy4CHqizW3HC2zQZRkyQxiou8uX7PjMak,TRANSFER,SYSTEM_PROGRAM,5SQr9RmWRVRb2XffArFkze9Umw9N2Pp8c24tnPGwUhQNYwc36kvS8LhtrQizz6TyJDLL9FmwVoHeZ5WM1mrFpjwA,2025-04-15 18:50:33,So11111111111111111111111111111111111111112,3e-09,So11111111111111111111111111111111111111112,3e-09
3U6GsNZM2uuUy4CHqizW3HC2zQZRkyQxiou8uX7PjMak,TRANSFER,SYSTEM_PROGRAM,2DQfr5PaxwtRaNyEkaZwNC1BUDB6Ri5A2dttezSswEYaQrfaudH3vNAd6Yq6hYdrG4Tx12SXZDvBjxPoRBCydzoN,2025-04-15 18:50:33,So11111111111111111111111111111111111111112,2e-09,So11111111111111111111111111111111111111112,2e-09
3U6GsNZM2uuUy4CHqizW3HC2zQZRkyQxiou8uX7PjMak,TRANSFER,SYSTEM_PROGRAM,5eo4JR32dhUGUFu4H7KZPAcH7nUtgiNbeno3YRoXWJfYsP4LhG461B8DRoCZ5wP1i9HjcSPiCxEkH7zMzMK6uNg8,2025-04-15 18:50:33,So11111111111111111111111111111111111111112,1e-09,So11111111111111111111111111111111111111112,1e-09
BWuEfwmjfbQMMQ6Exoo9r4guXF3Ex5W79nFpTyQ6fzzk,TRANSFER,SYSTEM_PROGRAM,55uxnmTTST9BdwKTDG8oWeWkGVLXkKTcQDRVppzjVKLoMamVfbESmGxFFA4c4jAg1siSAoVrTjeLTaeRHnqqiTHT,2025-04-15 18:51:04,So11111111111111111111111111111111111111112,1e-05,So11111111111111111111111111111111111111112,1e-05
5Hr7wZg7oBpVhH5nngRqzr5W7ZFUfCsfEhbziZJak7fr,TRANSFER,SYSTEM_PROGRAM,36WyrgXqnaZjWEve5jTbwmYQS7fru2J95zBswbVWVcKcgys8s5ssSsbNtqQxsan3x8YwrbK8z6JYAM7a5FBCFfEZ,2025-04-16 00:27:37,So11111111111111111111111111111111111111112,1e-09,So11111111111111111111111111111111111111112,1e-09
369GqCUkVq44o4cqWxsNzGX5RndNQGQkRR7AWaX2sPcX,TRANSFER,PHANTOM,5m3jCtKhNNinhg1j2DSnVCGP5mVeKH8BXN1o8Qw5MF6U2DrpqAfH4kRwZbDhT12bKMiZNxACX2yX5rfkd1BzWBrf,2025-04-16 05:24:26,So11111111111111111111111111111111111111112,0.00203928,So11111111111111111111111111111111111111112,0.00203928
3U6GsNZM2uuUy4CHqizW3HC2zQZRkyQxiou8uX7PjMak,TRANSFER,SYSTEM_PROGRAM,YpFFtAV746UuYxareZjyQRbydesJ4StPxfNj4UTocoEgwbXDWiyAC9wHxD4X14ys2J7DNQYdESSBvnj2wbdyxXz,2025-04-16 05:25:56,So11111111111111111111111111111111111111112,2e-09,So11111111111111111111111111111111111111112,2e-09
3U6GsNZM2uuUy4CHqizW3HC2zQZRkyQxiou8uX7PjMak,TRANSFER,SYSTEM_PROGRAM,4DuyaYASCZRUW78JvFAWZK2RKMhyDcCQuKG9Qpcomzto8Vhn346k2GkQzUUBGQRZVRCjZ7zjVF78qeZmbYqSmHjH,2025-04-16 05:25:56,So11111111111111111111111111111111111111112,1e-09,So11111111111111111111111111111111111111112,1e-09
3U6GsNZM2uuUy4CHqizW3HC2zQZRkyQxiou8uX7PjMak,TRANSFER,SYSTEM_PROGRAM,2UtEsqRJfEUVkqotA6TbYLMTCJyZ9wZnqazDH9LFubZcnL224fWc6jzH9BJKSLMf22u8qTP7XedxkXLvJiBdPExG,2025-04-16 05:25:56,So11111111111111111111111111111111111111112,3e-09,So11111111111111111111111111111111111111112,3e-09
369GE5QepWkmbzTATCwVW1SWDQ3PG7rPkLNPMr8EdvxX,TRANSFER,SYSTEM_PROGRAM,2oKnAgJCrvHtiqYYdSuXHADo9VvPQ7hutvQp4qzjEpA33t5iYeXvktmZwPG8Cz5ZJFVqJW5USGu7cEzpa6FqwZ3h,2025-04-16 05:26:19,So11111111111111111111111111111111111111112,1e-05,So11111111111111111111111111111111111111112,1e-05
369GE5QepWkmbzTATCwVW1SWDQ3PG7rPkLNPMr8EdvxX,TRANSFER,SYSTEM_PROGRAM,36Bh7xmz3bW9BhbQ7nncmqAe8xyaxzqethcbPj6K659fyTMfuT398S1vLdMSiW8myAHXoY27wLvmxKpWC5cQyenE,2025-04-16 05:26:41,So11111111111111111111111111111111111111112,0.000935,So11111111111111111111111111111111111111112,0.000935
5Hr7wZg7oBpVhH5nngRqzr5W7ZFUfCsfEhbziZJak7fr,TRANSFER,SYSTEM_PROGRAM,2whs3PANEqQZ3Ec8BCz5Q1iFnwW1BNS3YtG6j4XuVSSdjfbS1Yqrp6yXgMwJg7aF8y2XRvqWQ9bRW69j8vEZJrGy,2025-04-16 12:20:23,So11111111111111111111111111111111111111112,1e-09,So11111111111111111111111111111111111111112,1e-09
9HCTuTPEiQvkUtLmTZvK6uch4E3pDynwJTbNw6jLhp9z,TRANSFER,SYSTEM_PROGRAM,5EDiTq3Qz9qfZ8jWnkEYTkQdDqcNRf8ck5K2s3EKAbmfZk8AAu46CqpnLxgk7uQ6tznPZqrRGzAGQpuNxBpqMD4k,2025-04-16 12:48:47,So11111111111111111111111111111111111111112,1.003475265,So11111111111111111111111111111111111111112,1.003475265
FLiPgGTXtBtEJoytikaywvWgbz5a56DdHKZU72HSYMFF,TRANSFER,SYSTEM_PROGRAM,2fLYx7bhWu7AHHvaAGenhQYdUt1MtSXCWcxajpehXFEsrMPkdQogmc41hpDKe1F72otSn5kwe281Gz5YVX7jsMRN,2025-04-16 12:48:50,So11111111111111111111111111111111111111112,1e-09,So11111111111111111111111111111111111111112,1e-09
FLiPGqowc82LLR173hKiFYBq2fCxLZEST5iHbHwj8xKb,TRANSFER,SYSTEM_PROGRAM,4SL9uwYohFAvNgUHG5naufK2wstHKysv24uqgTHzfmg21aBn91CW5VP1sSyNoF8oFWHy66MTx3S9cGZ6gS2B75aM,2025-04-16 12:48:50,So11111111111111111111111111111111111111112,1e-09,So11111111111111111111111111111111111111112,1e-09
FLiPGqowc82LLR173hKiFYBq2fCxLZEST5iHbHwj8xKb,TRANSFER,SYSTEM_PROGRAM,2TVEhPSjz6MNMA5EmQw1FGrP8zN3vBQr3TuPVkggCw3nbQmGwJaF9UDWaNf8hPh27x3MYie9AWh6gGrX76aPMxXd,2025-04-16 12:48:50,So11111111111111111111111111111111111111112,1e-09,So11111111111111111111111111111111111111112,1e-09
FLiPgGTXtBtEJoytikaywvWgbz5a56DdHKZU72HSYMFF,TRANSFER,SYSTEM_PROGRAM,4GYqqRR33qKhvUBweV3WKpNshdokY8Ay2s8SqrGRaJiRRaNFx4yHb3Z9BA5WcAoMTfJggP3B6pBEZbNnKTiUYUt1,2025-04-16 12:48:50,So11111111111111111111111111111111111111112,1e-09,So11111111111111111111111111111111111111112,1e-09
FLiPGqowc82LLR173hKiFYBq2fCxLZEST5iHbHwj8xKb,TRANSFER,SYSTEM_PROGRAM,2UtmsdcUTntB8fYAcJByMZuA5sKNAS7C1HFvyTTU69iCnNTH3DxYUYXCaxQas34pmJ3HhEEw2uNcNhpoZwDoAet5,2025-04-16 12:49:01,So11111111111111111111111111111111111111112,1e-09,So11111111111111111111111111111111111111112,1e-09
9HCTuTPEiQvkUtLmTZvK6uch4E3pDynwJTbNw6jLhp9z,TRANSFER,SYSTEM_PROGRAM,2AscCjBep7WrE1uxSUErxQc4je4B7MRsMMkDD1n2cmVzUTXe9r4osDaFHDM7FcmurkpHWxUBsjVPqGQhQ9AHuK6e,2025-04-16 14:06:43,So11111111111111111111111111111111111111112,0.758945807,So11111111111111111111111111111111111111112,0.758945807
FLiPgGTXtBtEJoytikaywvWgbz5a56DdHKZU72HSYMFF,TRANSFER,SYSTEM_PROGRAM,5tnFY3GhqFaSh1hLLniP1ZZmfwCxTP5rBtoK8BAsBq2MtW1KRBPTburX4HR7P1ow48dCE2qmCQwF8VYZyXb5qmFi,2025-04-16 15:08:43,So11111111111111111111111111111111111111112,1e-09,So11111111111111111111111111111111111111112,1e-09
FLiPGqowc82LLR173hKiFYBq2fCxLZEST5iHbHwj8xKb,TRANSFER,SYSTEM_PROGRAM,2Pk9haTqBe3vJr6xwNLrnAawP45iCFZFkuzqbLCL8LcVX8Jy44SXh1YqF7MzHv26zE9ctPxjRT2anyoTuwuxfR2M,2025-04-16 15:08:43,So11111111111111111111111111111111111111112,1e-09,So11111111111111111111111111111111111111112,1e-09
CeSKecvEtaHdYJ15pKTHzh7vaoy4SY5dyDA8t2QeR2B4,TRANSFER,SYSTEM_PROGRAM,Gxau1R23q7cMaipQ7wezPoShaGDJfWrA5DLbA7y2V8gvSnipDP8XL9Deni91niDgFwXXqhsBM1kRRhqmaAiu87V,2025-04-17 02:30:56,So11111111111111111111111111111111111111112,4.159930012,So11111111111111111111111111111111111111112,4.159930012
H2dHTXttztA23BHX4HmTJ1oi5XAzikXusvDppB8a2dqR,TRANSFER,SYSTEM_PROGRAM,5KZy7urXWifQ5TxaWg7WwU1x6gaZk5JwHbY1spAYF16QxuZXLeHaJJAUDaMNUSpe9Xd3MiyTH5isw3eH6VrnURa7,2025-04-17 02:31:25,So11111111111111111111111111111111111111112,1e-05,So11111111111111111111111111111111111111112,1e-05
9KxQy6StbkJhubAbfvfriUK6LYYJ5cSkBoS3ZhcbdUx2,TRANSFER,SYSTEM_PROGRAM,4XGUUZjFB8gL6S92FekZ5iM37XqQgiqpGcSCs3QspPURTycANqeGuS5fuuoiUL472XufZD3SYJzzahx8WhADGjT9,2025-04-17 02:45:38,So11111111111111111111111111111111111111112,1e-09,So11111111111111111111111111111111111111112,1e-09
9HCTuTPEiQvkUtLmTZvK6uch4E3pDynwJTbNw6jLhp9z,SWAP,PUMP_FUN,3FzGHr15WCLnorCikJNurcuUMSVP4tkPp4tetsisfg8qQW3ccqea5Ta4pg2udBgWYdP5vE7gw8AeJgpmp2oQWKXx,2025-04-17 04:45:52,7LSsEoJGhLeZzGvDofTdNg7M3JttxQqGWNLo6vWMpump,4596769.565103993,So11111111111111111111111111111111111111112,48.300419079
FLiPGqowc82LLR173hKiFYBq2fCxLZEST5iHbHwj8xKb,TRANSFER,SYSTEM_PROGRAM,2kGc8rMDW3tbGnRb1nW6XX2dvYSmRkzPZJfg4okULb9VYLSyMS4m9zKh3kThZuQhT4ToMMtXixcVUEv2e9Lsnq8n,2025-04-17 04:46:18,So11111111111111111111111111111111111111112,1e-09,So11111111111111111111111111111111111111112,1e-09
FLiPgGTXtBtEJoytikaywvWgbz5a56DdHKZU72HSYMFF,TRANSFER,SYSTEM_PROGRAM,5zFnE6wffuf8mrvG77bFvb3XB5sUFjw9Ph5r8DpDnKBMbaWFgwSFe98QErGqhB7NYRRokgpJj2CRdbY88dYSa2B4,2025-04-17 04:46:20,So11111111111111111111111111111111111111112,1e-09,So11111111111111111111111111111111111111112,1e-09
9HCTuTPEiQvkUtLmTZvK6uch4E3pDynwJTbNw6jLhp9z,SWAP,RAYDIUM,3gpt8gbu416xJkcDjfUD7imtKhWvQtBCwye64mnuCAKQHVRN2yrZpY484ggayJ1i9ifBJPeQ3ehwkj2CfGxUG7Tj,2025-04-17 11:16:51,So11111111111111111111111111111111111111112,50.0,BQX1cjcRHXmrqNtoFWwmE5bZj7RPneTmqXB979b2pump,1412719.572516
FLiPGqowc82LLR173hKiFYBq2fCxLZEST5iHbHwj8xKb,TRANSFER,SYSTEM_PROGRAM,2UGX4erzKfP3onv2WFDVSvR7eqA55MPxX2LGGkexA2Dm5PqFoySrR4zU3HbVDSxyMAeVHnKSZkTth9kcm7zFZL2U,2025-04-17 11:16:54,So11111111111111111111111111111111111111112,1e-09,So11111111111111111111111111111111111111112,1e-09
RecoWuBP1kCPABPVAABCR7f7FY513EVhQwoWcxntNT9,TRANSFER,SYSTEM_PROGRAM,5BcKCWMeMuZ3scqFWH4RGKFegaz6SoeQwB7MJx2KgBFWaYUFEZxX17TcVQrMFi6m9Bs7gLKPNe5ZnJHr2ZoPg6ez,2025-04-17 11:16:54,So11111111111111111111111111111111111111112,1e-09,So11111111111111111111111111111111111111112,1e-09
FLiPgGTXtBtEJoytikaywvWgbz5a56DdHKZU72HSYMFF,TRANSFER,SYSTEM_PROGRAM,4Hgk8LMWXtcTH3PnTgwGKVNfFyh7mBzbf5xRZ1YGdnbrHEg7G5BAWozRHVLybWV8D9gk8rUqso9HExMa4zD2kfp1,2025-04-17 11:16:54,So11111111111111111111111111111111111111112,1e-09,So11111111111111111111111111111111111111112,1e-09
5ifyfzJLkpThxrjvCmzTPRfpvUtBBkXLNb4URD7vq7Nm,TRANSFER,SYSTEM_PROGRAM,65tirQ5AyvWSMgxfFzHnUPsWjbCfPB5jbcA2UQkp7NsoFkwRhbeEM2qpDXakneU5ND2fY5TTX1ErR1KsPZgoHXYB,2025-04-17 11:16:57,So11111111111111111111111111111111111111112,1e-09,So11111111111111111111111111111111111111112,1e-09
9HCTuTPEiQvkUtLmTZvK6uch4E3pDynwJTbNw6jLhp9z,SWAP,RAYDIUM,4DTfAT1aihVwPNdq4qGNcaij3oCs29SNgSeUGBdx48xaAz6MgdUeFw1pEYfC99LcziviJAK9GkZZd4zMgbqESLWD,2025-04-17 11:16:57,So11111111111111111111111111111111111111112,50.0,BQX1cjcRHXmrqNtoFWwmE5bZj7RPneTmqXB979b2pump,1332551.848724
9HCTuTPEiQvkUtLmTZvK6uch4E3pDynwJTbNw6jLhp9z,SWAP,RAYDIUM,oBYmdfzxrCBtbtRh8dDt8G8F8Tz6KAgVmqEBagc9ZHDSbrAMArFQvEiGGzWZZFv3YwZt4mSmLnnpPDZEjgWDYMD,2025-04-17 11:17:10,So11111111111111111111111111111111111111112,50.0,BQX1cjcRHXmrqNtoFWwmE5bZj7RPneTmqXB979b2pump,1256738.250526
9HCTuTPEiQvkUtLmTZvK6uch4E3pDynwJTbNw6jLhp9z,SWAP,RAYDIUM,5FJgR5woAttG7Adg6PxBKHjGUmvapqstvRXs7NaMc1RZrizre122Qo9SZD6xRnPPezFXhCEQHFgSxcKYp3Lxy7U5,2025-04-17 11:17:23,So11111111111111111111111111111111111111112,50.0,BQX1cjcRHXmrqNtoFWwmE5bZj7RPneTmqXB979b2pump,1220087.286809
9HCTuTPEiQvkUtLmTZvK6uch4E3pDynwJTbNw6jLhp9z,SWAP,RAYDIUM,4Gb9JgNmShb1TNpBPzUzPvBz2riGvpAdoWkZEN4oHwDUPuJJffcYRxFesyG9CGXx9U8vrXYXiGXyDdfTMnvxVhrb,2025-04-17 11:17:38,So11111111111111111111111111111111111111112,50.0,BQX1cjcRHXmrqNtoFWwmE5bZj7RPneTmqXB979b2pump,1150762.214831
5Hr7wZg7oBpVhH5nngRqzr5W7ZFUfCsfEhbziZJak7fr,TRANSFER,SYSTEM_PROGRAM,3CtqJPDvKkqHC6nEz6ddpEk5toKmU2QnCRcjJoKihL7J76u7mD4hScXN1vo9gKpzkcUafCT6Rk4wRxyNWN9o9LaA,2025-04-17 12:12:49,So11111111111111111111111111111111111111112,1e-09,So11111111111111111111111111111111111111112,1e-09
